seed_id,station,distance_km,source_path,latitude,longitude,sample_rate_hz,response_input_units,start_utc,end_utc_exclusive,samples,segment_count,missing_seconds,overlap_seconds,raw_mean_counts,raw_normalization_counts,velocity_normalization_m_s,saturation_review,warnings
CI.CLC..HHZ,CI.CLC,5.133213546671164,data/CI.CLC/CI.CLC..HHZ__20190706T000000Z__20190707T000000Z.mseed,35.81574,-117.59751,100.0,m/s,2019-07-06T03:09:53.040000Z,2019-07-06T03:29:53.040000Z,120000,1,0.008299999999962893,0.0,-13019.272008333333,12789379.272008333,0.023383476422031004,not_individually_reviewed,
CI.TOW2..HHZ,CI.TOW2,15.580836959708463,data/CI.TOW2/CI.TOW2..HHZ__20190706T000000Z__20190707T000000Z.mseed,35.80856,-117.76488,100.0,m/s,2019-07-06T03:09:53.040000Z,2019-07-06T03:29:53.040000Z,120000,1,0.008299999999962893,0.0,817.5572,14019526.4428,0.02415825601442371,not_individually_reviewed,
CI.SRT..HHZ,CI.SRT,16.134749916137668,data/CI.SRT/CI.SRT..HHZ__20190706T000000Z__20190707T000000Z.mseed,35.69235,-117.75051,100.0,m/s,2019-07-06T03:09:53.040000Z,2019-07-06T03:29:53.040000Z,120000,1,0.008299999999962893,0.0,420.501075,12426841.501075,0.021981815533269635,not_individually_reviewed,
PB.B918..EHZ,PB.B918,18.44206044011747,data/PB.B918/PB.B918..EHZ__20190706T000000Z__20190707T000000Z.mseed,35.935699,-117.6017,100.0,M/S,2019-07-06T03:09:53.040000Z,2019-07-06T03:29:53.040000Z,120000,1,0.008299999999962893,0.0,-628.300725,11114749.300725,0.0247040579968276,not_individually_reviewed,
CI.WRC2..HHZ,CI.WRC2,20.32451609461573,data/CI.WRC2/CI.WRC2..HHZ__20190706T000000Z__20190707T000000Z.mseed,35.9479,-117.65038,100.0,m/s,2019-07-06T03:09:53.040000Z,2019-07-06T03:29:53.040000Z,120000,1,0.008299999999962893,0.0,-120.82910833333334,12516723.829108333,0.022016688279615178,suspected_from_prior_review,
PB.B921..EHZ,PB.B921,23.798922051472047,data/PB.B921/PB.B921..EHZ__20190706T000000Z__20190707T000000Z.mseed,35.5865,-117.4622,100.0,m/s,2019-07-06T03:09:53.040000Z,2019-07-06T03:29:53.040000Z,120000,1,0.008299999999962893,0.0,782.2427166666666,13915022.242716666,0.03263940556906141,not_individually_reviewed,
CI.WVP2..EHZ,CI.WVP2,28.060367597504193,data/CI.WVP2/CI.WVP2..EHZ__20190706T000000Z__20190707T000000Z.mseed,35.94939,-117.81769,100.0,m/s,2019-07-06T03:09:53.040000Z,2019-07-06T03:29:53.040000Z,120000,1,0.0,0.0,69.71906666666666,2035944.7190666667,0.03404263259392158,not_individually_reviewed,
CI.WNM..EHZ,CI.WNM,28.881586228027544,data/CI.WNM/CI.WNM..EHZ__20190706T000000Z__20190707T000000Z.mseed,35.8422,-117.90616,100.0,m/s,2019-07-06T03:09:53.040000Z,2019-07-06T03:29:53.040000Z,120000,1,0.0,0.0,102.40300833333333,1333265.5969916666,0.017366193289977412,not_individually_reviewed,
CI.JRC2..HHZ,CI.JRC2,30.27343132302311,data/CI.JRC2/CI.JRC2..HHZ__20190706T000000Z__20190707T000000Z.mseed,35.98249,-117.80885,100.0,m/s,2019-07-06T03:09:53.040000Z,2019-07-06T03:29:53.040000Z,120000,1,0.008000000000038199,0.0,-657.0544,9860682.0544,0.014823937988419442,not_individually_reviewed,
CI.SLA..HHZ,CI.SLA,31.573937309906682,data/CI.SLA/CI.SLA..HHZ__20190706T000000Z__20190707T000000Z.mseed,35.89095,-117.28332,100.0,m/s,2019-07-06T03:09:53.040000Z,2019-07-06T03:29:53.040000Z,120000,1,0.008299999999962893,0.0,223.63230833333333,8442151.632308334,0.01914589323436545,not_individually_reviewed,
CI.WBM..HHZ,CI.WBM,31.844873763101866,data/CI.WBM/CI.WBM..HHZ__20190706T000000Z__20190707T000000Z.mseed,35.60839,-117.89049,100.0,m/s,2019-07-06T03:09:53.040000Z,2019-07-06T03:29:53.040000Z,120000,1,0.003100000000017644,0.0,-11383.60775,10976967.60775,0.03813782735788159,not_individually_reviewed,
CI.WCS2..HHZ,CI.WCS2,32.08450128096262,data/CI.WCS2/CI.WCS2..HHZ__20190706T000000Z__20190707T000000Z.mseed,36.02521,-117.76526,100.0,m/s,2019-07-06T03:09:53.040000Z,2019-07-06T03:29:53.040000Z,120000,1,0.008299999999962893,0.0,-1372.6663583333334,11413711.666358333,0.021133494107674514,not_individually_reviewed,
CI.LRL..HHZ,CI.LRL,33.03420869474777,data/CI.LRL/CI.LRL..HHZ__20190706T000000Z__20190707T000000Z.mseed,35.47954,-117.68212,100.0,m/s,2019-07-06T03:09:53.040000Z,2019-07-06T03:29:53.040000Z,120000,1,0.008299999999962893,0.0,-4336.657775,8424052.657775,0.018839175913164388,not_individually_reviewed,
CI.MPM..HHZ,CI.MPM,33.52323560352875,data/CI.MPM/CI.MPM..HHZ__20190706T000000Z__20190707T000000Z.mseed,36.05799,-117.48901,100.0,m/s,2019-07-06T03:09:53.040000Z,2019-07-06T03:29:53.040000Z,120000,1,0.008299999999962893,0.0,-1221.108475,10550285.891525,0.01773482099943048,not_individually_reviewed,
CI.CCC..HHZ,CI.CCC,34.47324902504109,data/CI.CCC/CI.CCC..HHZ__20190706T000000Z__20190707T000000Z.mseed,35.52495,-117.36453,100.0,m/s,2019-07-06T03:09:53.040000Z,2019-07-06T03:29:53.040000Z,120000,1,0.008299999999962893,0.0,-1179.4794833333333,12994929.520516668,0.02079348833315291,suspected_from_prior_review,
CI.WRV2..EHZ,CI.WRV2,37.27516738837373,data/CI.WRV2/CI.WRV2..EHZ__20190706T000000Z__20190707T000000Z.mseed,36.00774,-117.8904,100.0,m/s,2019-07-06T03:09:53.040000Z,2019-07-06T03:29:53.040000Z,120000,1,0.0,0.0,216.716175,1444032.283825,0.025203608825583087,not_individually_reviewed,
CI.WMF..HHZ,CI.WMF,44.98039428366707,data/CI.WMF/CI.WMF..HHZ__20190706T000000Z__20190707T000000Z.mseed,36.11758,-117.85486,100.0,m/s,2019-07-06T03:09:53.040000Z,2019-07-06T03:29:53.040000Z,120000,1,0.008299999999962893,0.0,869.18145,8305550.18145,0.012408636034388125,not_individually_reviewed,
PB.B916..EHZ,PB.B916,47.34819900293976,data/PB.B916/PB.B916..EHZ__20190706T000000Z__20190707T000000Z.mseed,36.1925,-117.6685,100.0,m/s,2019-07-06T03:09:53.040000Z,2019-07-06T03:29:53.040000Z,120000,1,0.008299999999962893,0.0,44.02225,5509246.02225,0.010593374229601672,not_individually_reviewed,
PB.B917..EHZ,PB.B917,50.84654155144225,data/PB.B917/PB.B917..EHZ__20190706T000000Z__20190707T000000Z.mseed,35.4053,-117.258797,100.0,M/S,2019-07-06T03:09:53.040000Z,2019-07-06T03:29:53.040000Z,120000,1,0.008299999999962893,0.0,-304.9234,10297139.9234,0.01854204574159773,not_individually_reviewed,
CI.WBS..HHZ,CI.WBS,55.38774394731033,data/CI.WBS/CI.WBS..HHZ__20190706T000000Z__20190707T000000Z.mseed,35.53664,-118.14035,100.0,m/s,2019-07-06T03:09:53.040000Z,2019-07-06T03:29:53.040000Z,120000,1,0.008299999999962893,0.0,6280.690975,8766122.309025,0.019722115063269822,not_individually_reviewed,
CI.DAW..HHZ,CI.DAW,55.703164902903,data/CI.DAW/CI.DAW..HHZ__20190706T000000Z__20190707T000000Z.mseed,36.27148,-117.59214,100.0,m/s,2019-07-06T03:09:53.040000Z,2019-07-06T03:29:53.040000Z,120000,1,0.003100000000017644,0.0,232.61903333333333,6061786.619033333,0.011176261569549097,not_individually_reviewed,
CI.WOR..HHZ,CI.WOR,58.75617876044249,data/CI.WOR/CI.WOR..HHZ__20190706T000000Z__20190707T000000Z.mseed,35.69563,-118.24246,100.0,m/s,2019-07-06T03:09:53.040000Z,2019-07-06T03:29:53.040000Z,120000,1,0.008299999999962893,0.0,-5823.068316666667,8310576.068316666,0.015258413708387495,not_individually_reviewed,
CI.DTP..HHZ,CI.DTP,60.02492368573793,data/CI.DTP/CI.DTP..HHZ__20190706T000000Z__20190707T000000Z.mseed,35.26742,-117.84581,100.0,m/s,2019-07-06T03:09:53.040000Z,2019-07-06T03:29:53.040000Z,120000,1,0.008299999999962893,0.0,-54.81411666666666,10273742.814116666,0.010054300796012414,not_individually_reviewed,
CI.WHF..HHZ,CI.WHF,68.57452219975853,data/CI.WHF/CI.WHF..HHZ__20190706T000000Z__20190707T000000Z.mseed,35.69513,-118.35183,100.0,m/s,2019-07-06T03:09:53.040000Z,2019-07-06T03:29:53.040000Z,120000,1,0.008299999999962893,0.0,-3384475.1483583334,13796876.148358334,0.02205363220726518,not_individually_reviewed,
NN.QSM..HHZ,NN.QSM,69.4260930586813,data/NN.QSM/NN.QSM..HHZ__20190706T000000Z__20190707T000000Z.mseed,35.965,-116.869102,100.0,M/S,2019-07-06T03:09:53.040000Z,2019-07-06T03:29:53.040000Z,120000,1,0.008299999999962893,0.0,1534.6836916666666,9023718.316308333,0.020729236381082584,not_individually_reviewed,
CI.CCA..HHZ,CI.CCA,78.2285522526517,data/CI.CCA/CI.CCA..HHZ__20190706T000000Z__20190707T000000Z.mseed,35.15252,-118.01649,100.0,m/s,2019-07-06T03:09:53.040000Z,2019-07-06T03:29:53.040000Z,120000,1,0.008299999999962893,0.0,-1826.6141916666666,8812248.385808334,0.013759998295094035,not_individually_reviewed,
CI.ISA..HHZ,CI.ISA,80.0280945140076,data/CI.ISA/CI.ISA..HHZ__20190706T000000Z__20190707T000000Z.mseed,35.66278,-118.47403,100.0,m/s,2019-07-06T03:09:53.040000Z,2019-07-06T03:29:53.040000Z,120000,1,0.008299999999962893,0.0,-11737.967308333333,37318778.032691665,0.010704693244925423,not_individually_reviewed,
CI.APL..HNZ,CI.APL,81.06964099821526,data/CI.APL/CI.APL..HNZ__20190706T000000Z__20190707T000000Z.mseed,35.34149,-116.87464,100.0,m/s**2,2019-07-06T03:09:53.040000Z,2019-07-06T03:29:53.040000Z,120000,1,0.0,0.0,-6782.995266666667,83554.00473333334,0.01721786022372429,not_individually_reviewed,
CI.CWC..HHZ,CI.CWC,86.06821881463853,data/CI.CWC/CI.CWC..HHZ__20190706T000000Z__20190707T000000Z.mseed,36.43988,-118.08016,100.0,m/s,2019-07-06T03:09:53.040000Z,2019-07-06T03:29:53.040000Z,120000,1,0.008299999999962893,0.0,-436.39464166666664,6784707.605358333,0.003445426104488559,not_individually_reviewed,
CI.WAS2..HHZ,CI.WAS2,86.72491209044775,data/CI.WAS2/CI.WAS2..HHZ__20190706T000000Z__20190707T000000Z.mseed,35.7377,-118.55743,100.0,m/s,2019-07-06T03:09:53.040000Z,2019-07-06T03:29:53.040000Z,120000,1,0.008299999999962893,0.0,613.1925,9495768.8075,0.009951288324478402,not_individually_reviewed,
CI.HAR..HHZ,CI.HAR,88.42204418415427,data/CI.HAR/CI.HAR..HHZ__20190706T000000Z__20190707T000000Z.mseed,35.0114,-117.29909,100.0,m/s,2019-07-06T03:09:53.040000Z,2019-07-06T03:29:53.040000Z,120000,1,0.008299999999962893,0.0,-3118697.543666667,13481895.543666666,0.015902293918304767,not_individually_reviewed,
CI.CGO..HHZ,CI.CGO,88.5659567251396,data/CI.CGO/CI.CGO..HHZ__20190706T000000Z__20190707T000000Z.mseed,36.5504,-117.80295,100.0,m/s,2019-07-06T03:09:53.040000Z,2019-07-06T03:29:53.040000Z,120000,1,0.008299999999962893,0.0,-1000.8386666666667,7454513.161333334,0.0073885408027009715,not_individually_reviewed,
CI.GSC..HHZ,CI.GSC,88.72832270452697,data/CI.GSC/CI.GSC..HHZ__20190706T000000Z__20190707T000000Z.mseed,35.30177,-116.80574,100.0,m/s,2019-07-06T03:09:53.040000Z,2019-07-06T03:29:53.040000Z,120000,1,0.008299999999962893,0.0,14692.222058333333,37621864.22205833,0.010110405805850552,not_individually_reviewed,
CI.TEH..HHZ,CI.TEH,91.46281526714525,data/CI.TEH/CI.TEH..HHZ__20190706T000000Z__20190707T000000Z.mseed,35.2913,-118.42079,100.0,m/s,2019-07-06T03:09:53.040000Z,2019-07-06T03:29:53.040000Z,120000,1,0.008299999999962893,0.0,1924.358775,10329163.358775,0.00918636076706418,not_individually_reviewed,
CI.LMR2..HHZ,CI.LMR2,93.07115330026926,data/CI.LMR2/CI.LMR2..HHZ__20190706T000000Z__20190707T000000Z.mseed,34.93439,-117.69629,100.0,m/s,2019-07-06T03:09:53.040000Z,2019-07-06T03:29:53.040000Z,120000,1,0.008299999999962893,0.0,-83.51228333333333,10198218.487716667,0.009958827339549071,not_individually_reviewed,
NN.GWY..HHZ,NN.GWY,95.72986273992356,data/NN.GWY/NN.GWY..HHZ__20190706T000000Z__20190707T000000Z.mseed,36.1859,-116.6697,100.0,m/s,2019-07-06T03:09:53.040000Z,2019-07-06T03:29:53.040000Z,120000,1,0.008299999999962893,0.0,-18535.950108333334,5401083.0498916665,0.008823165073433335,not_individually_reviewed,
CI.HYS..HHZ,CI.HYS,100.35158363528528,data/CI.HYS/CI.HYS..HHZ__20190706T000000Z__20190707T000000Z.mseed,34.86532,-117.56975,100.0,m/s,2019-07-06T03:09:53.040000Z,2019-07-06T03:29:53.040000Z,120000,1,0.008299999999962893,0.0,1190.9500583333333,10278126.950058334,0.008072298624527763,not_individually_reviewed,
CI.FUR..HHZ,CI.FUR,101.9070743856387,data/CI.FUR/CI.FUR..HHZ__20190706T000000Z__20190707T000000Z.mseed,36.46719,-116.86322,100.0,m/s,2019-07-06T03:09:53.040000Z,2019-07-06T03:29:53.040000Z,120000,1,0.008299999999962893,0.0,-319.02680833333335,7573172.026808334,0.009688133069415263,not_individually_reviewed,
CI.EDW2..HHZ,CI.EDW2,104.89014902331125,data/CI.EDW2/CI.EDW2..HHZ__20190706T000000Z__20190707T000000Z.mseed,34.8811,-117.99388,100.0,m/s,2019-07-06T03:09:53.040000Z,2019-07-06T03:29:53.040000Z,120000,1,0.008299999999962893,0.0,3900.5917833333333,7595459.408216666,0.007693742241150242,not_individually_reviewed,
CI.LDR..HHZ,CI.LDR,109.61796375060925,data/CI.LDR/CI.LDR..HHZ__20190706T000000Z__20190707T000000Z.mseed,34.9906,-118.34156,100.0,m/s,2019-07-06T03:09:53.040000Z,2019-07-06T03:29:53.040000Z,120000,1,0.008299999999962893,0.0,1758.3092,10150950.3092,0.009307274521538018,not_individually_reviewed,
CI.SPG2..HHZ,CI.SPG2,115.59157116037159,data/CI.SPG2/CI.SPG2..HHZ__20190706T000000Z__20190707T000000Z.mseed,36.20057,-118.76624,100.0,m/s,2019-07-06T03:09:53.040000Z,2019-07-06T03:29:53.040000Z,120000,1,0.008299999999962893,0.0,771.3288833333334,8954308.671116667,0.006529585083503008,not_individually_reviewed,
