seed_id,start_utc,last_sample_utc,sample_rates_hz,matching_epochs,status,response_stages,input_units,output_units,sensitivity,sensitivity_frequency_hz,azimuth_deg,dip_deg,epoch_start,epoch_end,warning
CI.APL..HNE,2019-07-04T00:00:00.000000Z,2019-07-06T23:59:59.990000Z,100.0,1,passed,8,m/s**2,counts,213847.85382300295,1.0,90.0,0.0,2016-11-07T00:00:00.000000Z,2024-04-25T16:30:00.000000Z,
CI.APL..HNN,2019-07-04T00:00:00.000000Z,2019-07-06T23:59:59.990000Z,100.0,1,passed,8,m/s**2,counts,213847.85382300295,1.0,0.0,0.0,2016-11-07T00:00:00.000000Z,2024-04-25T16:30:00.000000Z,
CI.APL..HNZ,2019-07-04T00:00:00.000000Z,2019-07-06T23:59:59.990000Z,100.0,1,passed,8,m/s**2,counts,213847.85382300295,1.0,0.0,-90.0,2016-11-07T00:00:00.000000Z,2024-04-25T16:30:00.000000Z,
CI.CCA..HHE,2019-07-04T00:00:00.008300Z,2019-07-06T23:59:59.998300Z,100.0,1,passed,4,m/s,counts,626910814.5186613,0.03,90.0,0.0,2014-03-17T21:00:00.000000Z,2025-07-08T20:20:05.000000Z,
CI.CCA..HHN,2019-07-04T00:00:00.008300Z,2019-07-06T23:59:59.998300Z,100.0,1,passed,4,m/s,counts,626910814.5186613,0.03,0.0,0.0,2014-03-17T21:00:00.000000Z,2025-07-08T20:20:05.000000Z,
CI.CCA..HHZ,2019-07-04T00:00:00.008300Z,2019-07-06T23:59:59.998300Z,100.0,1,passed,4,m/s,counts,626838832.1559094,0.03,0.0,-90.0,2014-03-17T21:00:00.000000Z,2025-07-08T20:20:05.000000Z,
CI.CCC..HHE,2019-07-04T00:00:00.008300Z,2019-07-06T23:59:59.998300Z,100.0,1,passed,4,m/s,counts,627368612.8122232,0.03,90.0,0.0,2017-10-19T17:30:00.000000Z,2025-07-09T22:23:33.000000Z,
CI.CCC..HHN,2019-07-04T00:00:00.008300Z,2019-07-06T23:59:59.998300Z,100.0,1,passed,4,m/s,counts,627368612.8122232,0.03,0.0,0.0,2017-10-19T17:30:00.000000Z,2025-07-09T22:23:33.000000Z,
CI.CCC..HHZ,2019-07-04T00:00:00.008300Z,2019-07-06T23:59:59.998300Z,100.0,1,passed,4,m/s,counts,627368612.8122232,0.03,0.0,-90.0,2017-10-19T17:30:00.000000Z,2025-07-09T22:23:33.000000Z,
CI.CGO..HHE,2019-07-04T00:00:00.008300Z,2019-07-06T23:59:59.998300Z,100.0,1,passed,4,m/s,counts,629028198.0808837,0.03,90.0,0.0,2010-07-13T18:30:00.000000Z,None,
CI.CGO..HHN,2019-07-04T00:00:00.008300Z,2019-07-06T23:59:59.998300Z,100.0,1,passed,4,m/s,counts,629864671.7485445,0.03,0.0,0.0,2010-07-13T18:30:00.000000Z,None,
CI.CGO..HHZ,2019-07-04T00:00:00.008300Z,2019-07-06T23:59:59.998300Z,100.0,1,passed,4,m/s,counts,630701145.4162052,0.03,0.0,-90.0,2010-07-13T18:30:00.000000Z,None,
CI.CLC..HHE,2019-07-04T00:00:00.008300Z,2019-07-06T23:59:59.998300Z,100.0,1,passed,4,m/s,counts,627368612.8122232,0.03,90.0,0.0,2012-04-13T17:28:00.000000Z,2019-09-26T14:00:00.000000Z,
CI.CLC..HHN,2019-07-04T00:00:00.008300Z,2019-07-06T23:59:59.998300Z,100.0,1,passed,4,m/s,counts,627368612.8122232,0.03,0.0,0.0,2012-04-13T17:28:00.000000Z,2019-09-26T14:00:00.000000Z,
CI.CLC..HHZ,2019-07-04T00:00:00.008300Z,2019-07-06T23:59:59.998300Z,100.0,1,passed,4,m/s,counts,627368612.8122232,0.03,0.0,-90.0,2012-04-13T17:28:00.000000Z,2019-09-26T14:00:00.000000Z,
CI.CWC..HHE,2019-07-04T00:00:00.008300Z,2019-07-06T23:59:59.998300Z,100.0,1,passed,4,m/s,counts,629865078.5149846,1.0,90.0,0.0,2017-06-28T19:00:00.000000Z,None,
CI.CWC..HHN,2019-07-04T00:00:00.008300Z,2019-07-06T23:59:59.998300Z,100.0,1,passed,4,m/s,counts,629865078.5149846,1.0,0.0,0.0,2017-06-28T19:00:00.000000Z,None,
CI.CWC..HHZ,2019-07-04T00:00:00.008300Z,2019-07-06T23:59:59.998300Z,100.0,1,passed,4,m/s,counts,629865078.5149846,1.0,0.0,-90.0,2017-06-28T19:00:00.000000Z,None,
CI.DAW..HHE,2019-07-04T00:00:00.003100Z,2019-07-06T23:59:59.993100Z,100.0,1,passed,4,m/s,counts,314768280.21817356,1.0,90.0,0.0,2017-12-14T19:45:00.000000Z,2023-10-11T20:30:00.000000Z,
CI.DAW..HHN,2019-07-04T00:00:00.003100Z,2019-07-06T23:59:59.993100Z,100.0,1,passed,4,m/s,counts,314768280.21817356,1.0,0.0,0.0,2017-12-14T19:45:00.000000Z,2023-10-11T20:30:00.000000Z,
CI.DAW..HHZ,2019-07-04T00:00:00.003100Z,2019-07-06T23:59:59.993100Z,100.0,1,passed,4,m/s,counts,314768280.21817356,1.0,0.0,-90.0,2017-12-14T19:45:00.000000Z,2023-10-11T20:30:00.000000Z,
CI.DTP..HHE,2019-07-04T00:00:00.008300Z,2019-07-06T23:59:59.998300Z,100.0,1,passed,4,m/s,counts,627368612.8122232,0.03,90.0,0.0,2017-01-03T21:30:00.000000Z,2025-07-08T22:15:00.000000Z,
CI.DTP..HHN,2019-07-04T00:00:00.008300Z,2019-07-06T23:59:59.998300Z,100.0,1,passed,4,m/s,counts,627368612.8122232,0.03,0.0,0.0,2017-01-03T21:30:00.000000Z,2025-07-08T22:15:00.000000Z,
CI.DTP..HHZ,2019-07-04T00:00:00.008300Z,2019-07-06T23:59:59.998300Z,100.0,1,passed,4,m/s,counts,627368612.8122232,0.03,0.0,-90.0,2017-01-03T21:30:00.000000Z,2025-07-08T22:15:00.000000Z,
CI.EDW2..HHE,2019-07-04T00:00:00.008300Z,2019-07-06T23:59:59.998300Z,100.0,1,passed,4,m/s,counts,626505798.0962381,1.0,90.0,0.0,2016-09-12T19:30:00.000000Z,2025-07-17T19:00:00.000000Z,
CI.EDW2..HHN,2019-07-04T00:00:00.008300Z,2019-07-06T23:59:59.998300Z,100.0,1,passed,4,m/s,counts,630704898.6196713,1.0,0.0,0.0,2016-09-12T19:30:00.000000Z,2025-07-17T19:00:00.000000Z,
CI.EDW2..HHZ,2019-07-04T00:00:00.008300Z,2019-07-06T23:59:59.998300Z,100.0,1,passed,4,m/s,counts,627345618.2009248,1.0,0.0,-90.0,2016-09-12T19:30:00.000000Z,2025-07-17T19:00:00.000000Z,
CI.FUR..HHE,2019-07-04T00:00:00.008300Z,2019-07-06T23:59:59.998300Z,100.0,1,passed,4,m/s,counts,627345618.2009248,1.0,90.0,0.0,2017-03-22T19:00:00.000000Z,2024-11-13T00:30:00.000000Z,
CI.FUR..HHN,2019-07-04T00:00:00.008300Z,2019-07-06T23:59:59.998300Z,100.0,1,passed,4,m/s,counts,634064179.0384179,1.0,0.0,0.0,2017-03-22T19:00:00.000000Z,2024-11-13T00:30:00.000000Z,
CI.FUR..HHZ,2019-07-04T00:00:00.008300Z,2019-07-06T23:59:59.998300Z,100.0,1,passed,4,m/s,counts,623986337.7821782,1.0,0.0,-90.0,2017-03-22T19:00:00.000000Z,2024-11-13T00:30:00.000000Z,
CI.GSC..HHE,2019-07-04T00:00:00.008300Z,2019-07-06T23:59:59.998300Z,100.0,1,passed,4,m/s,counts,2759652153.761262,1.0,90.0,0.0,2017-09-28T16:30:00.000000Z,2021-11-18T21:00:00.000000Z,
CI.GSC..HHN,2019-07-04T00:00:00.008300Z,2019-07-06T23:59:59.998300Z,100.0,1,passed,4,m/s,counts,3916925637.5966296,1.0,180.0,0.0,2017-09-28T16:30:00.000000Z,2021-11-18T21:00:00.000000Z,
CI.GSC..HHZ,2019-07-04T00:00:00.008300Z,2019-07-06T23:59:59.998300Z,100.0,1,passed,4,m/s,counts,3853099233.5534596,1.0,0.0,-90.0,2017-09-28T16:30:00.000000Z,2021-11-18T21:00:00.000000Z,
CI.HAR..HHE,2019-07-04T00:00:00.008300Z,2019-07-06T23:59:59.998300Z,100.0,1,passed,4,m/s,counts,629865078.5149846,1.0,90.0,0.0,2017-06-07T21:00:00.000000Z,2025-07-17T21:10:00.000000Z,
CI.HAR..HHN,2019-07-04T00:00:00.008300Z,2019-07-06T23:59:59.998300Z,100.0,1,passed,4,m/s,counts,629865078.5149846,1.0,0.0,0.0,2017-06-07T21:00:00.000000Z,2025-07-17T21:10:00.000000Z,
CI.HAR..HHZ,2019-07-04T00:00:00.008300Z,2019-07-06T23:59:59.998300Z,100.0,1,passed,4,m/s,counts,629865078.5149846,1.0,0.0,-90.0,2017-06-07T21:00:00.000000Z,2025-07-17T21:10:00.000000Z,
CI.HYS..HHE,2019-07-04T00:00:00.008300Z,2019-07-06T23:59:59.998300Z,100.0,1,passed,4,m/s,counts,624238051.7906023,0.03,90.0,0.0,2014-05-01T20:00:00.000000Z,None,
CI.HYS..HHN,2019-07-04T00:00:00.008300Z,2019-07-06T23:59:59.998300Z,100.0,1,passed,4,m/s,counts,624238051.7906023,0.03,0.0,0.0,2014-05-01T20:00:00.000000Z,None,
CI.HYS..HHZ,2019-07-04T00:00:00.008300Z,2019-07-06T23:59:59.998300Z,100.0,1,passed,4,m/s,counts,624238051.7906023,0.03,0.0,-90.0,2014-05-01T20:00:00.000000Z,None,
CI.ISA..HHE,2019-07-04T00:00:00.008300Z,2019-07-06T23:59:59.998300Z,100.0,1,passed,4,m/s,counts,3340976323.2176056,1.0,74.0,0.0,2019-03-19T20:27:25.000000Z,2021-12-16T00:00:00.000000Z,
CI.ISA..HHN,2019-07-04T00:00:00.008300Z,2019-07-06T23:59:59.998300Z,100.0,1,passed,4,m/s,counts,3368354491.267702,1.0,0.0,0.0,2019-03-19T20:27:25.000000Z,2021-12-16T00:00:00.000000Z,
CI.ISA..HHZ,2019-07-04T00:00:00.008300Z,2019-07-06T23:59:59.998300Z,100.0,1,passed,4,m/s,counts,5447583585.08454,1.0,0.0,-90.0,2019-03-19T20:27:25.000000Z,2021-12-16T00:00:00.000000Z,
CI.JRC2..HHE,2019-07-04T00:00:00.008300Z,2019-07-06T23:59:59.998000Z,100.0,1,passed,4,m/s,counts,784866741.964566,0.03,90.0,0.0,2010-08-19T00:00:00.000000Z,2019-09-25T19:00:00.000000Z,
CI.JRC2..HHN,2019-07-04T00:00:00.008300Z,2019-07-06T23:59:59.998000Z,100.0,1,passed,4,m/s,counts,784866741.964566,0.03,0.0,0.0,2010-08-19T00:00:00.000000Z,2019-09-25T19:00:00.000000Z,
CI.JRC2..HHZ,2019-07-04T00:00:00.008300Z,2019-07-06T23:59:59.998000Z,100.0,1,passed,4,m/s,counts,790478659.4249868,0.03,0.0,-90.0,2010-08-19T00:00:00.000000Z,2019-09-25T19:00:00.000000Z,
CI.LDR..HHE,2019-07-04T00:00:00.008300Z,2019-07-06T23:59:59.998300Z,100.0,1,passed,4,m/s,counts,629865078.5149846,1.0,90.0,0.0,2015-02-24T18:32:00.000000Z,2021-07-13T19:00:00.000000Z,
CI.LDR..HHN,2019-07-04T00:00:00.008300Z,2019-07-06T23:59:59.998300Z,100.0,1,passed,4,m/s,counts,629865078.5149846,1.0,0.0,0.0,2015-02-24T18:32:00.000000Z,2021-07-13T19:00:00.000000Z,
CI.LDR..HHZ,2019-07-04T00:00:00.008300Z,2019-07-06T23:59:59.998300Z,100.0,1,passed,4,m/s,counts,629865078.5149846,1.0,0.0,-90.0,2015-02-24T18:32:00.000000Z,2021-07-13T19:00:00.000000Z,
CI.LMR2..HHE,2019-07-04T00:00:00.008300Z,2019-07-06T23:59:59.998300Z,100.0,1,passed,4,m/s,counts,627368612.8122232,0.03,90.0,0.0,2010-01-01T00:00:00.000000Z,None,
CI.LMR2..HHN,2019-07-04T00:00:00.008300Z,2019-07-06T23:59:59.998300Z,100.0,1,passed,4,m/s,counts,627368612.8122232,0.03,0.0,0.0,2010-01-01T00:00:00.000000Z,None,
CI.LMR2..HHZ,2019-07-04T00:00:00.008300Z,2019-07-06T23:59:59.998300Z,100.0,1,passed,4,m/s,counts,627368612.8122232,0.03,0.0,-90.0,2010-01-01T00:00:00.000000Z,None,
CI.LRL..HHE,2019-07-04T00:00:00.008300Z,2019-07-06T23:59:59.998300Z,100.0,1,passed,4,m/s,counts,629025258.410298,1.0,90.0,0.0,2017-11-15T19:20:00.000000Z,None,
CI.LRL..HHN,2019-07-04T00:00:00.008300Z,2019-07-06T23:59:59.998300Z,100.0,1,passed,4,m/s,counts,630704898.6196713,1.0,0.0,0.0,2017-11-15T19:20:00.000000Z,None,
CI.LRL..HHZ,2019-07-04T00:00:00.008300Z,2019-07-06T23:59:59.998300Z,100.0,1,passed,4,m/s,counts,628185438.3056114,1.0,0.0,-90.0,2017-11-15T19:20:00.000000Z,None,
CI.MPM..HHE,2019-07-04T00:00:00.008300Z,2019-07-06T23:59:59.998300Z,100.0,1,passed,4,m/s,counts,627368612.8122232,0.03,90.0,0.0,2010-03-17T18:29:20.000000Z,2023-07-06T22:00:00.000000Z,
CI.MPM..HHN,2019-07-04T00:00:00.008300Z,2019-07-06T23:59:59.998300Z,100.0,1,passed,4,m/s,counts,627368612.8122232,0.03,0.0,0.0,2010-03-17T18:29:20.000000Z,2023-07-06T22:00:00.000000Z,
CI.MPM..HHZ,2019-07-04T00:00:00.008300Z,2019-07-06T23:59:59.998300Z,100.0,1,passed,4,m/s,counts,627368612.8122232,0.03,0.0,-90.0,2010-03-17T18:29:20.000000Z,2023-07-06T22:00:00.000000Z,
CI.SLA..HHE,2019-07-04T00:00:00.008300Z,2019-07-06T23:59:59.998300Z,100.0,1,passed,4,m/s,counts,622336408.7395977,0.03,90.0,0.0,2012-08-15T18:00:00.000000Z,2023-06-13T19:00:00.000000Z,
CI.SLA..HHN,2019-07-04T00:00:00.008300Z,2019-07-06T23:59:59.998300Z,100.0,1,passed,4,m/s,counts,618990514.0689547,0.03,0.0,0.0,2012-08-15T18:00:00.000000Z,2023-06-13T19:00:00.000000Z,
CI.SLA..HHZ,2019-07-04T00:00:00.008300Z,2019-07-06T23:59:59.998300Z,100.0,1,passed,4,m/s,counts,616481093.0659724,0.03,0.0,-90.0,2012-08-15T18:00:00.000000Z,2023-06-13T19:00:00.000000Z,
CI.SPG2..HHE,2019-07-04T00:00:00.008300Z,2019-07-06T23:59:59.998300Z,100.0,1,passed,4,m/s,counts,629865078.5149846,1.0,90.0,0.0,2018-08-23T18:00:00.000000Z,None,
CI.SPG2..HHN,2019-07-04T00:00:00.008300Z,2019-07-06T23:59:59.998300Z,100.0,1,passed,4,m/s,counts,629865078.5149846,1.0,0.0,0.0,2018-08-23T18:00:00.000000Z,None,
CI.SPG2..HHZ,2019-07-04T00:00:00.008300Z,2019-07-06T23:59:59.998300Z,100.0,1,passed,4,m/s,counts,629865078.5149846,1.0,0.0,-90.0,2018-08-23T18:00:00.000000Z,None,
CI.SRT..HHE,2019-07-04T00:00:00.008300Z,2019-07-06T23:59:59.998300Z,100.0,1,passed,4,m/s,counts,629865078.5149846,1.0,90.0,0.0,2016-08-23T19:30:00.000000Z,2026-03-11T16:57:06.000000Z,
CI.SRT..HHN,2019-07-04T00:00:00.008300Z,2019-07-06T23:59:59.998300Z,100.0,1,passed,4,m/s,counts,629865078.5149846,1.0,0.0,0.0,2016-08-23T19:30:00.000000Z,2026-03-11T16:57:06.000000Z,
CI.SRT..HHZ,2019-07-04T00:00:00.008300Z,2019-07-06T23:59:59.998300Z,100.0,1,passed,4,m/s,counts,629865078.5149846,1.0,0.0,-90.0,2016-08-23T19:30:00.000000Z,2026-03-11T16:57:06.000000Z,
CI.TEH..HHE,2019-07-04T00:00:00.008300Z,2019-07-06T23:59:59.998300Z,100.0,1,passed,4,m/s,counts,624238051.7906023,0.03,90.0,0.0,2013-09-24T19:45:00.000000Z,2020-11-23T17:00:00.000000Z,
CI.TEH..HHN,2019-07-04T00:00:00.008300Z,2019-07-06T23:59:59.998300Z,100.0,1,passed,4,m/s,counts,624238051.7906023,0.03,0.0,0.0,2013-09-24T19:45:00.000000Z,2020-11-23T17:00:00.000000Z,
CI.TEH..HHZ,2019-07-04T00:00:00.008300Z,2019-07-06T23:59:59.998300Z,100.0,1,passed,4,m/s,counts,624238051.7906023,0.03,0.0,-90.0,2013-09-24T19:45:00.000000Z,2020-11-23T17:00:00.000000Z,
CI.TOW2..HHE,2019-07-04T00:00:00.008300Z,2019-07-06T23:59:59.998300Z,100.0,1,passed,4,m/s,counts,626910814.5186613,0.03,90.0,0.0,2014-10-08T18:00:00.000000Z,None,
CI.TOW2..HHN,2019-07-04T00:00:00.008300Z,2019-07-06T23:59:59.998300Z,100.0,1,passed,4,m/s,counts,626910814.5186613,0.03,0.0,0.0,2014-10-08T18:00:00.000000Z,None,
CI.TOW2..HHZ,2019-07-04T00:00:00.008300Z,2019-07-06T23:59:59.998300Z,100.0,1,passed,4,m/s,counts,626838832.1559094,0.03,0.0,-90.0,2014-10-08T18:00:00.000000Z,None,
CI.WAS2..HHE,2019-07-04T00:00:00.008300Z,2019-07-06T23:59:59.998300Z,100.0,1,passed,4,m/s,counts,624238051.7906023,0.03,90.0,0.0,2014-06-03T21:16:00.000000Z,None,
CI.WAS2..HHN,2019-07-04T00:00:00.008300Z,2019-07-06T23:59:59.998300Z,100.0,1,passed,4,m/s,counts,624238051.7906023,0.03,0.0,0.0,2014-06-03T21:16:00.000000Z,None,
CI.WAS2..HHZ,2019-07-04T00:00:00.008300Z,2019-07-06T23:59:59.998300Z,100.0,1,passed,4,m/s,counts,624238051.7906023,0.03,0.0,-90.0,2014-06-03T21:16:00.000000Z,None,
CI.WBM..HHE,2019-07-04T00:00:00.003100Z,2019-07-06T23:59:59.993100Z,100.0,1,passed,4,m/s,counts,314768280.21817356,1.0,90.0,0.0,2017-03-16T20:30:00.000000Z,None,
CI.WBM..HHN,2019-07-04T00:00:00.003100Z,2019-07-06T23:59:59.993100Z,100.0,1,passed,4,m/s,counts,314768280.21817356,1.0,0.0,0.0,2017-03-16T20:30:00.000000Z,None,
CI.WBM..HHZ,2019-07-04T00:00:00.003100Z,2019-07-06T23:59:59.993100Z,100.0,1,passed,4,m/s,counts,314768280.21817356,1.0,0.0,-90.0,2017-03-16T20:30:00.000000Z,None,
CI.WBS..HHE,2019-07-04T00:00:00.008300Z,2019-07-06T23:59:59.998300Z,100.0,1,passed,4,m/s,counts,634047040.0868483,0.03,90.0,0.0,2012-04-26T17:46:00.000000Z,2024-10-03T18:31:28.000000Z,
CI.WBS..HHN,2019-07-04T00:00:00.008300Z,2019-07-06T23:59:59.998300Z,100.0,1,passed,4,m/s,counts,634047040.0868483,0.03,0.0,0.0,2012-04-26T17:46:00.000000Z,2024-10-03T18:31:28.000000Z,
CI.WBS..HHZ,2019-07-04T00:00:00.008300Z,2019-07-06T23:59:59.998300Z,100.0,1,passed,4,m/s,counts,629864671.7485445,0.03,0.0,-90.0,2012-04-26T17:46:00.000000Z,2024-10-03T18:31:28.000000Z,
CI.WCS2..HHE,2019-07-04T00:00:00.008300Z,2019-07-06T23:59:59.998300Z,100.0,1,passed,4,m/s,counts,626910814.5186613,0.03,90.0,0.0,2019-04-04T19:30:00.000000Z,2024-01-11T23:00:00.000000Z,
CI.WCS2..HHN,2019-07-04T00:00:00.008300Z,2019-07-06T23:59:59.998300Z,100.0,1,passed,4,m/s,counts,626910814.5186613,0.03,0.0,0.0,2019-04-04T19:30:00.000000Z,2024-01-11T23:00:00.000000Z,
CI.WCS2..HHZ,2019-07-04T00:00:00.008300Z,2019-07-06T23:59:59.998300Z,100.0,1,passed,4,m/s,counts,626838832.1559094,0.03,0.0,-90.0,2019-04-04T19:30:00.000000Z,2024-01-11T23:00:00.000000Z,
CI.WHF..HHE,2019-07-04T00:00:00.008300Z,2019-07-06T23:59:59.998300Z,100.0,1,passed,4,m/s,counts,629865078.5149846,1.0,90.0,0.0,2015-08-24T20:00:00.000000Z,None,
CI.WHF..HHN,2019-07-04T00:00:00.008300Z,2019-07-06T23:59:59.998300Z,100.0,1,passed,4,m/s,counts,629865078.5149846,1.0,0.0,0.0,2015-08-24T20:00:00.000000Z,None,
CI.WHF..HHZ,2019-07-04T00:00:00.008300Z,2019-07-06T23:59:59.998300Z,100.0,1,passed,4,m/s,counts,629865078.5149846,1.0,0.0,-90.0,2015-08-24T20:00:00.000000Z,None,
CI.WMF..HHE,2019-07-04T00:00:00.008300Z,2019-07-06T23:59:59.998300Z,100.0,1,passed,4,m/s,counts,626505798.0962381,1.0,90.0,0.0,2016-07-13T20:00:00.000000Z,None,
CI.WMF..HHN,2019-07-04T00:00:00.008300Z,2019-07-06T23:59:59.998300Z,100.0,1,passed,4,m/s,counts,628185438.3056114,1.0,0.0,0.0,2016-07-13T20:00:00.000000Z,None,
CI.WMF..HHZ,2019-07-04T00:00:00.008300Z,2019-07-06T23:59:59.998300Z,100.0,1,passed,4,m/s,counts,626505798.0962381,1.0,0.0,-90.0,2016-07-13T20:00:00.000000Z,None,
CI.WNM..EHZ,2019-07-04T00:00:00.000000Z,2019-07-06T23:59:59.990000Z,100.0,1,passed,8,m/s,counts,69306223.16731498,10.0,0.0,-90.0,2017-03-15T23:59:00.000000Z,2023-01-19T19:30:00.000000Z,
CI.WOR..HHE,2019-07-04T00:00:00.008300Z,2019-07-06T23:59:59.998300Z,100.0,1,passed,4,m/s,counts,640950703.8968484,1.0,90.0,0.0,2016-09-20T18:30:00.000000Z,None,
CI.WOR..HHN,2019-07-04T00:00:00.008300Z,2019-07-06T23:59:59.998300Z,100.0,1,passed,4,m/s,counts,637507441.4676331,1.0,0.0,0.0,2016-09-20T18:30:00.000000Z,None,
CI.WOR..HHZ,2019-07-04T00:00:00.008300Z,2019-07-06T23:59:59.998300Z,100.0,1,passed,4,m/s,counts,637087531.4152899,1.0,0.0,-90.0,2016-09-20T18:30:00.000000Z,None,
CI.WRC2..HHE,2019-07-04T00:00:00.008300Z,2019-07-06T23:59:59.998300Z,100.0,1,passed,4,m/s,counts,629865078.5149846,1.0,90.0,0.0,2015-07-08T20:00:00.000000Z,2024-01-10T23:00:00.000000Z,
CI.WRC2..HHN,2019-07-04T00:00:00.008300Z,2019-07-06T23:59:59.998300Z,100.0,1,passed,4,m/s,counts,629865078.5149846,1.0,0.0,0.0,2015-07-08T20:00:00.000000Z,2024-01-10T23:00:00.000000Z,
CI.WRC2..HHZ,2019-07-04T00:00:00.008300Z,2019-07-06T23:59:59.998300Z,100.0,1,passed,4,m/s,counts,629865078.5149846,1.0,0.0,-90.0,2015-07-08T20:00:00.000000Z,2024-01-10T23:00:00.000000Z,
CI.WRV2..EHZ,2019-07-04T00:00:00.000000Z,2019-07-06T23:59:59.990000Z,100.0,1,passed,8,m/s,counts,71427500.01964146,10.0,0.0,-90.0,2018-02-28T19:00:00.000000Z,2022-08-17T19:00:00.000000Z,
CI.WVP2..EHZ,2019-07-04T00:00:00.000000Z,2019-07-06T23:59:59.990000Z,100.0,1,passed,8,m/s,counts,68019203.41699041,10.0,0.0,-90.0,2016-10-06T19:00:00.000000Z,2023-06-13T20:00:00.000000Z,
NN.GWY..HHE,2019-07-04T00:00:00.008300Z,2019-07-06T23:59:59.998300Z,100.0,1,passed,3,m/s,counts,315695000.0,0.4,90.0,0.0,2015-03-06T15:20:00.000000Z,2024-06-10T17:15:00.000000Z,
NN.GWY..HHN,2019-07-04T00:00:00.008300Z,2019-07-06T23:59:59.998300Z,100.0,1,passed,3,m/s,counts,315695000.0,0.4,0.0,0.0,2015-03-06T15:20:00.000000Z,2024-06-10T17:15:00.000000Z,
NN.GWY..HHZ,2019-07-04T00:00:00.008300Z,2019-07-06T23:59:59.998300Z,100.0,1,passed,3,m/s,counts,315695000.0,0.4,0.0,-90.0,2015-03-06T15:20:00.000000Z,2024-06-10T17:15:00.000000Z,
NN.QSM..HHE,2019-07-04T00:00:00.008300Z,2019-07-06T23:59:59.998300Z,100.0,1,passed,4,M/S,COUNTS,314020000.0,0.4,90.0,0.0,2015-02-11T23:30:00.000000Z,None,
NN.QSM..HHN,2019-07-04T00:00:00.008300Z,2019-07-06T23:59:59.998300Z,100.0,1,passed,4,M/S,COUNTS,314020000.0,0.4,0.0,0.0,2015-02-11T23:30:00.000000Z,None,
NN.QSM..HHZ,2019-07-04T00:00:00.008300Z,2019-07-06T23:59:59.998300Z,100.0,1,passed,4,M/S,COUNTS,314020000.0,0.4,0.0,-90.0,2015-02-11T23:30:00.000000Z,None,
PB.B916..EH1,2019-07-04T00:00:00.008300Z,2019-07-06T23:59:59.998300Z,100.0,1,passed,4,m/s,counts,781398000.0,20.0,181.0,0.0,2008-03-14T00:00:00.000000Z,None,
PB.B916..EH2,2019-07-04T00:00:00.008300Z,2019-07-06T23:59:59.998300Z,100.0,1,passed,4,m/s,counts,781398000.0,20.0,271.0,0.0,2008-03-14T00:00:00.000000Z,None,
PB.B916..EHZ,2019-07-04T00:00:00.008300Z,2019-07-06T23:59:59.998300Z,100.0,1,passed,4,m/s,counts,781398000.0,20.0,0.0,-90.0,2008-03-14T00:00:00.000000Z,None,
PB.B917..EH1,2019-07-04T00:00:00.008300Z,2019-07-06T23:59:59.998300Z,100.0,1,passed,4,M/S,COUNTS,781398000.0,20.0,27.0,0.0,2008-07-15T00:00:00.000000Z,None,
PB.B917..EH2,2019-07-04T00:00:00.008300Z,2019-07-06T23:59:59.998300Z,100.0,1,passed,4,M/S,COUNTS,781398000.0,20.0,117.0,0.0,2008-07-15T00:00:00.000000Z,None,
PB.B917..EHZ,2019-07-04T00:00:00.008300Z,2019-07-06T23:59:59.998300Z,100.0,1,passed,4,M/S,COUNTS,781398000.0,20.0,0.0,-90.0,2008-07-15T00:00:00.000000Z,None,
PB.B918..EH1,2019-07-04T00:00:00.008300Z,2019-07-06T23:59:59.998300Z,100.0,1,passed,4,M/S,COUNTS,781398000.0,20.0,344.5,0.0,2008-06-23T00:00:00.000000Z,None,
PB.B918..EH2,2019-07-04T00:00:00.008300Z,2019-07-06T23:59:59.998300Z,100.0,1,passed,4,M/S,COUNTS,781398000.0,20.0,254.5,0.0,2008-06-23T00:00:00.000000Z,None,
PB.B918..EHZ,2019-07-04T00:00:00.008300Z,2019-07-06T23:59:59.998300Z,100.0,1,passed,4,M/S,COUNTS,781398000.0,20.0,0.0,-90.0,2008-06-23T00:00:00.000000Z,None,
PB.B921..EH1,2019-07-04T00:00:00.008300Z,2019-07-06T23:59:59.998300Z,100.0,1,passed,4,m/s,counts,781398000.0,20.0,10.5,0.0,2008-06-04T00:00:00.000000Z,None,
PB.B921..EH2,2019-07-04T00:00:00.008300Z,2019-07-06T23:59:59.998300Z,100.0,1,passed,4,m/s,counts,781398000.0,20.0,100.5,0.0,2008-06-04T00:00:00.000000Z,None,
PB.B921..EHZ,2019-07-04T00:00:00.008300Z,2019-07-06T23:59:59.998300Z,100.0,1,passed,4,m/s,counts,781398000.0,20.0,0.0,-90.0,2008-06-04T00:00:00.000000Z,None,
