station_id,lat,lon,elev_m,dist_to_event_center_km
N.S3N04,39.2958,143.4544,-2490.0,17.44296858565084
N.S4N25,39.6976,143.3749,-2228.0,27.908265232468224
N.S4N24,39.6388,143.7154,-2936.0,31.091667934198316
N.S3N03,39.3231,143.1206,-1890.0,31.37274411651453
N.S3N05,39.1906,143.7499,-4308.0,39.19151935441871
N.S4N26,39.7245,143.0384,-1569.0,46.1381124736339
N.S4N23,39.7718,143.9259,-4358.0,54.38360273014653
N.S3N02,39.3746,142.7918,-1622.0,56.77917402813739
N.S3N06,39.0459,143.9305,-5440.0,61.577931548883946
N.S4N20,40.0743,143.321,-1329.0,69.94863154425018
N.S4N27,39.7445,142.6903,-914.0,72.35569775820723
N.S4N21,40.0863,143.6572,-2456.0,72.77144711838383
N.S3N08,38.7826,143.4769,-2465.0,74.54029994579447
N.S3N07,38.8308,143.7846,-5231.0,75.0778112246071
N.S4N22,40.026,143.9547,-4107.0,77.23964274222703
N.S3N09,38.7739,143.1437,-1779.0,79.80888524792564
N.S4N19,40.0904,142.9695,-1256.0,81.74759469202876
N.S3N10,38.8668,142.8212,-1310.0,84.46361560159649
N.S3N01,39.4497,142.4578,-940.0,84.7621989377586
N.S4N28,39.7385,142.3408,-569.0,99.81181680379564
N.S3N11,38.9349,142.4873,-1168.0,100.6175917783638
N.S4N18,40.1088,142.6222,-969.0,101.33658704794993
N.S6N09,39.5172,144.7191,-6054.0,109.57804234766223
N.S4N11,40.4353,143.543,-2273.0,109.60123138801089
N.S6N10,39.0072,144.5915,-6160.0,110.46893080734291
N.S4N12,40.4515,143.2015,-1711.0,113.00606795354557
N.S4N10,40.4327,143.8887,-3897.0,115.37003424588653
N.S4N17,40.1165,142.3926,-681.0,116.35156227321669
N.S3N16,38.4262,143.1703,-2420.0,116.56605691329435
N.S3N17,38.3978,143.5139,-3020.0,117.42863510986898
N.S3N15,38.4487,142.8376,-1472.0,123.3576343727132
N.S4N13,40.5196,142.9617,-1537.0,125.59689545744152
N.S3N12,38.8412,142.1816,-558.0,128.4127211497718
N.S3N18,38.3063,143.781,-5528.0,130.7277929120259
N.S6N08,40.0319,144.8089,-5900.0,133.22592175280533
N.S3N14,38.4993,142.5002,-1092.0,133.8056725125296
N.S4N09,40.5521,144.1332,-5095.0,135.5942086605492
N.S6N11,38.499,144.4536,-6118.0,137.26713410338152
N.S4N16,40.3295,142.2673,-559.0,140.01632038369362
N.S4N14,40.5927,142.634,-1393.0,144.3704472772922
N.S3N13,38.5901,142.1816,-573.0,145.28312984469966
N.S3N19,38.0594,143.7441,-5591.0,157.0615041107259
N.S4N08,40.7805,144.0905,-5060.0,157.53720644172714
N.TYSF,39.3772,141.5932,346.0,159.29765728083527
N.S4N15,40.5933,142.2844,-816.0,160.80068619321963
N.S4N07,40.882,143.7746,-2613.0,161.40117732481207
N.S4N06,40.9718,143.4481,-1970.0,168.93865709818422
N.KSNF,38.9762,141.5301,260.0,173.2616644851022
N.S6N07,40.536,144.9381,-6160.0,175.1902638501001
N.S3N23,38.027,142.5735,-1220.0,175.60562205393978
N.IYGF,40.1217,141.5833,427.0,175.61221600181977
N.S4N05,41.0443,143.1138,-1940.0,179.21767162501277
N.S3N24,38.0569,142.234,-849.0,187.36944595478224
N.S4N04,41.0762,142.7706,-1798.0,189.39642771876402
N.S4N03,41.0156,142.4314,-1425.0,193.93608054704697
N.S4N02,40.9069,142.1057,-858.0,197.73135787804134
N.S3N25,38.0972,141.8957,-230.0,201.85832104897
N.S4N01,40.7881,141.7895,-139.0,204.6162498509502
N.S5N17,41.3643,143.453,-2023.0,212.5835395532029
N.S5N23,40.954,141.8762,-529.0,213.5943046979149
N.S5N16,41.3742,143.8006,-2380.0,215.7930626274032
N.S3N26,38.106,141.5572,-128.0,221.79090730716365
N.S5N18,41.4351,143.1264,-1509.0,222.09707505575875
N.S5N22,41.1989,142.0271,-1029.0,228.37258792199214
N.S6N06,40.8999,145.3929,-6012.0,230.8361111213152
N.S5N15,41.4961,144.0879,-1950.0,233.65203525178674
N.S5N19,41.5607,142.8177,-986.0,240.34343382019452
N.S5N21,41.4248,142.2193,-1189.0,242.59735989687212
N.S5N20,41.6095,142.4787,-1165.0,253.36449569676842
N.TMRF,41.1016,141.3831,120.0,253.40395914435402
N.S5N09,41.521,144.905,-5100.0,261.04183316546107
N.S5N14,41.7475,144.1779,-1592.0,262.58369026916927
N.S5N10,41.6541,144.6716,-4103.0,265.829365211489
N.OOWF,40.4689,140.5097,205.0,274.49808015934957
N.S5N08,41.5301,145.2483,-5980.0,276.7946722425836
N.S6N05,41.3717,145.6053,-6680.0,281.0382269502349
N.KSKF,38.2585,140.5833,318.0,281.10295271531237
N.GJMF,39.9555,140.1113,105.0,290.60648667886636
N.S5N13,41.9792,144.3445,-1607.0,290.99925672511426
N.S5N11,41.9072,144.6955,-2093.0,292.6018223465196
N.S5N07,41.6637,145.5291,-5953.0,302.38914845888513
N.S5N12,42.0784,144.6375,-1772.0,308.7661583136439
N.KMUF,42.2391,142.9625,177.0,312.50082569911825
N.S5N06,41.884,145.6544,-5619.0,328.33703242931654
N.S5N05,42.0615,145.437,-3813.0,335.1069771993595
N.S5N04,42.2286,145.204,-3149.0,342.3001560918585
N.S5N03,42.4802,145.1433,-1985.0,365.595645433845
N.HIDF,42.8208,142.4145,228.0,384.34248513228965
N.URHF,42.9298,143.6711,80.0,387.1202296769421
N.S5N02,42.6403,145.4063,-2042.0,390.7369835507014
N.KSRF,42.982,144.4851,17.0,401.9791613963621
N.S5N01,42.7688,145.7115,-2052.0,414.73111871073746
N.IMGF,42.3928,140.1406,50.0,428.845159626199
N.HSSF,42.9672,141.2286,220.0,432.5227470302238
N.NMRF,43.3673,145.7379,20.0,475.4009930953498
