event_id,period,x_10km_bin,y_10km_bin
gamma_0006221,after_M7.1,-4,1
gamma_0007170,after_M7.1,-4,3
gamma_0006182,after_M7.1,-3,-4
gamma_0007824,after_M7.1,-3,-3
gamma_0008685,after_M7.1,-3,-2
gamma_0006808,after_M7.1,-3,-1
gamma_0007836,after_M7.1,-3,0
gamma_0007252,after_M7.1,-3,1
gamma_0009737,after_M7.1,-3,2
gamma_0005900,after_M7.1,-3,3
gamma_0007508,after_M7.1,-2,-3
gamma_0007675,after_M7.1,-2,-2
gamma_0005876,after_M7.1,-2,-1
gamma_0005690,after_M7.1,-2,0
gamma_0007765,after_M7.1,-2,1
gamma_0009204,after_M7.1,-2,2
gamma_0005846,after_M7.1,-2,3
gamma_0005496,after_M7.1,-1,-4
gamma_0009715,after_M7.1,-1,-3
gamma_0008876,after_M7.1,-1,-2
gamma_0007071,after_M7.1,-1,-1
gamma_0006292,after_M7.1,-1,0
gamma_0009840,after_M7.1,-1,1
gamma_0008884,after_M7.1,-1,2
gamma_0009633,after_M7.1,-1,3
gamma_0007822,after_M7.1,0,-4
gamma_0007715,after_M7.1,0,-3
gamma_0005543,after_M7.1,0,-2
gamma_0006616,after_M7.1,0,-1
gamma_0007166,after_M7.1,0,0
gamma_0009530,after_M7.1,0,1
gamma_0006651,after_M7.1,0,2
gamma_0009202,after_M7.1,0,3
gamma_0007136,after_M7.1,1,-3
gamma_0005916,after_M7.1,1,-2
gamma_0005964,after_M7.1,1,-1
gamma_0006613,after_M7.1,1,0
gamma_0006513,after_M7.1,1,1
gamma_0007812,after_M7.1,1,2
gamma_0009514,after_M7.1,2,-4
gamma_0005879,after_M7.1,2,-3
gamma_0006505,after_M7.1,2,-2
gamma_0007328,after_M7.1,2,0
gamma_0008545,after_M7.1,2,1
gamma_0007070,after_M7.1,2,2
gamma_0000007,before_M6.4,-3,3
gamma_0000008,before_M6.4,-1,3
gamma_0000014,before_M6.4,0,-1
gamma_0005337,between_mainshocks,-4,-1
gamma_0002186,between_mainshocks,-3,-1
gamma_0001444,between_mainshocks,-3,0
gamma_0004788,between_mainshocks,-3,1
gamma_0001916,between_mainshocks,-2,-3
gamma_0001106,between_mainshocks,-2,-2
gamma_0004094,between_mainshocks,-2,-1
gamma_0004583,between_mainshocks,-2,0
gamma_0002887,between_mainshocks,-2,1
gamma_0004501,between_mainshocks,-2,2
gamma_0004571,between_mainshocks,-1,-3
gamma_0003985,between_mainshocks,-1,-2
gamma_0002605,between_mainshocks,-1,-1
gamma_0002086,between_mainshocks,-1,0
gamma_0004666,between_mainshocks,-1,1
gamma_0004908,between_mainshocks,-1,2
gamma_0002844,between_mainshocks,0,-3
gamma_0004195,between_mainshocks,0,-2
gamma_0001941,between_mainshocks,0,-1
gamma_0003127,between_mainshocks,0,0
gamma_0001192,between_mainshocks,0,1
gamma_0002334,between_mainshocks,0,2
gamma_0003453,between_mainshocks,1,-3
gamma_0000545,between_mainshocks,1,-2
gamma_0003921,between_mainshocks,1,-1
gamma_0004910,between_mainshocks,1,0
gamma_0004452,between_mainshocks,1,2
gamma_0002122,between_mainshocks,2,-3
gamma_0000253,between_mainshocks,2,-1
gamma_0007650,after_M7.1,-3,-4
gamma_0009458,after_M7.1,-3,-3
gamma_0005523,after_M7.1,-3,-1
gamma_0006303,after_M7.1,-3,0
gamma_0006636,after_M7.1,-3,1
gamma_0009686,after_M7.1,-3,2
gamma_0008154,after_M7.1,-3,3
gamma_0009863,after_M7.1,-2,-3
gamma_0009452,after_M7.1,-2,-2
gamma_0008200,after_M7.1,-2,-1
gamma_0007474,after_M7.1,-2,0
gamma_0009704,after_M7.1,-2,1
gamma_0006736,after_M7.1,-2,2
gamma_0008664,after_M7.1,-2,3
gamma_0007141,after_M7.1,-1,-3
gamma_0006814,after_M7.1,-1,-2
gamma_0005695,after_M7.1,-1,-1
gamma_0009051,after_M7.1,-1,0
gamma_0006817,after_M7.1,-1,1
gamma_0009488,after_M7.1,-1,2
gamma_0006673,after_M7.1,-1,3
gamma_0008362,after_M7.1,0,-3
gamma_0008405,after_M7.1,0,-2
gamma_0005940,after_M7.1,0,-1
gamma_0008751,after_M7.1,0,0
gamma_0007923,after_M7.1,0,1
gamma_0008470,after_M7.1,0,2
gamma_0005516,after_M7.1,1,-3
gamma_0008623,after_M7.1,1,-2
gamma_0009453,after_M7.1,1,-1
gamma_0008746,after_M7.1,1,0
gamma_0009568,after_M7.1,1,1
gamma_0008432,after_M7.1,1,2
gamma_0009430,after_M7.1,2,-3
gamma_0007426,after_M7.1,2,-2
gamma_0009033,after_M7.1,2,2
gamma_0000020,before_M6.4,0,-1
gamma_0001128,between_mainshocks,-2,-2
gamma_0004127,between_mainshocks,-2,-1
gamma_0000446,between_mainshocks,-2,0
gamma_0004629,between_mainshocks,-2,1
gamma_0004321,between_mainshocks,-2,2
gamma_0004899,between_mainshocks,-1,-3
gamma_0002254,between_mainshocks,-1,-2
gamma_0003573,between_mainshocks,-1,-1
gamma_0000924,between_mainshocks,-1,0
gamma_0004190,between_mainshocks,-1,1
gamma_0002140,between_mainshocks,-1,2
gamma_0000483,between_mainshocks,0,-3
gamma_0002171,between_mainshocks,0,-2
gamma_0003727,between_mainshocks,0,-1
gamma_0000069,between_mainshocks,0,0
gamma_0003351,between_mainshocks,0,1
gamma_0000489,between_mainshocks,1,-3
gamma_0003186,between_mainshocks,1,-2
gamma_0001918,between_mainshocks,1,-1
gamma_0005193,between_mainshocks,1,0
gamma_0005087,between_mainshocks,2,-3
gamma_0006330,after_M7.1,-3,1
gamma_0008929,after_M7.1,-3,2
gamma_0008106,after_M7.1,-3,3
gamma_0005570,after_M7.1,-2,-3
gamma_0006255,after_M7.1,-2,-2
gamma_0006520,after_M7.1,-2,-1
gamma_0006681,after_M7.1,-2,0
gamma_0008966,after_M7.1,-2,1
gamma_0006780,after_M7.1,-2,2
gamma_0007844,after_M7.1,-1,-3
gamma_0007982,after_M7.1,-1,-2
gamma_0007453,after_M7.1,-1,-1
gamma_0006075,after_M7.1,-1,0
gamma_0005841,after_M7.1,-1,1
gamma_0008916,after_M7.1,-1,2
gamma_0008152,after_M7.1,0,-3
gamma_0006152,after_M7.1,0,-2
gamma_0006967,after_M7.1,0,-1
gamma_0005967,after_M7.1,0,0
gamma_0009638,after_M7.1,0,1
gamma_0008516,after_M7.1,0,2
gamma_0008149,after_M7.1,1,-3
gamma_0009566,after_M7.1,1,-2
gamma_0007091,after_M7.1,1,-1
gamma_0009313,after_M7.1,1,0
gamma_0009697,after_M7.1,1,1
gamma_0009659,after_M7.1,2,-3
gamma_0009440,after_M7.1,2,2
gamma_0000017,before_M6.4,0,-1
gamma_0001413,between_mainshocks,-2,-2
gamma_0004569,between_mainshocks,-2,-1
gamma_0001863,between_mainshocks,-2,0
gamma_0000746,between_mainshocks,-2,1
gamma_0001410,between_mainshocks,-2,2
gamma_0002616,between_mainshocks,-1,-3
gamma_0003402,between_mainshocks,-1,-2
gamma_0001450,between_mainshocks,-1,-1
gamma_0001287,between_mainshocks,-1,0
gamma_0001984,between_mainshocks,-1,1
gamma_0001741,between_mainshocks,0,-3
gamma_0000536,between_mainshocks,0,-2
gamma_0005200,between_mainshocks,0,-1
gamma_0002411,between_mainshocks,0,0
gamma_0002293,between_mainshocks,0,1
gamma_0003183,between_mainshocks,1,-3
gamma_0003216,between_mainshocks,1,-2
gamma_0000367,between_mainshocks,1,-1
gamma_0004622,between_mainshocks,1,0
gamma_0006212,after_M7.1,-3,2
gamma_0007686,after_M7.1,-3,3
gamma_0005905,after_M7.1,-2,-3
gamma_0005755,after_M7.1,-2,-2
gamma_0007685,after_M7.1,-2,-1
gamma_0008911,after_M7.1,-2,0
gamma_0007143,after_M7.1,-2,1
gamma_0007411,after_M7.1,-2,2
gamma_0009180,after_M7.1,-1,-3
gamma_0008072,after_M7.1,-1,-2
gamma_0006692,after_M7.1,-1,-1
gamma_0008389,after_M7.1,-1,0
gamma_0005675,after_M7.1,-1,1
gamma_0006541,after_M7.1,-1,2
gamma_0009805,after_M7.1,0,-3
gamma_0007636,after_M7.1,0,-2
gamma_0007939,after_M7.1,0,-1
gamma_0008932,after_M7.1,0,0
gamma_0009674,after_M7.1,0,1
gamma_0006252,after_M7.1,0,2
gamma_0006256,after_M7.1,1,-3
gamma_0008367,after_M7.1,1,-2
gamma_0008095,after_M7.1,1,-1
gamma_0007247,after_M7.1,1,0
gamma_0007816,after_M7.1,1,1
gamma_0008619,after_M7.1,2,-3
gamma_0009438,after_M7.1,2,2
gamma_0000021,before_M6.4,0,-1
gamma_0000112,between_mainshocks,-2,-2
gamma_0004506,between_mainshocks,-2,-1
gamma_0002141,between_mainshocks,-2,0
gamma_0001139,between_mainshocks,-2,1
gamma_0004927,between_mainshocks,-1,-3
gamma_0004330,between_mainshocks,-1,-2
gamma_0003650,between_mainshocks,-1,-1
gamma_0004005,between_mainshocks,-1,0
gamma_0004777,between_mainshocks,-1,1
gamma_0005271,between_mainshocks,0,-3
gamma_0000271,between_mainshocks,0,-2
gamma_0004911,between_mainshocks,0,-1
gamma_0000765,between_mainshocks,0,0
gamma_0002297,between_mainshocks,1,-3
gamma_0004095,between_mainshocks,1,-2
gamma_0001427,between_mainshocks,1,-1
gamma_0006506,after_M7.1,-3,2
gamma_0008809,after_M7.1,-3,3
gamma_0009423,after_M7.1,-2,-3
gamma_0008686,after_M7.1,-2,-1
gamma_0008834,after_M7.1,-2,0
gamma_0005818,after_M7.1,-2,1
gamma_0008063,after_M7.1,-2,2
gamma_0007168,after_M7.1,-1,-3
gamma_0007856,after_M7.1,-1,-2
gamma_0006419,after_M7.1,-1,-1
gamma_0008041,after_M7.1,-1,0
gamma_0005828,after_M7.1,-1,1
gamma_0006101,after_M7.1,-1,2
gamma_0008824,after_M7.1,0,-3
gamma_0008406,after_M7.1,0,-2
gamma_0006757,after_M7.1,0,-1
gamma_0007356,after_M7.1,0,0
gamma_0008745,after_M7.1,0,1
gamma_0006378,after_M7.1,0,2
gamma_0007560,after_M7.1,1,-3
gamma_0007668,after_M7.1,1,-2
gamma_0006985,after_M7.1,1,-1
gamma_0008871,after_M7.1,1,1
gamma_0006876,after_M7.1,2,-3
gamma_0007964,after_M7.1,2,2
gamma_0000013,before_M6.4,0,-1
gamma_0000928,between_mainshocks,-2,-2
gamma_0003161,between_mainshocks,-2,-1
gamma_0001456,between_mainshocks,-2,1
gamma_0002945,between_mainshocks,-1,-3
gamma_0002798,between_mainshocks,-1,-2
gamma_0004251,between_mainshocks,-1,-1
gamma_0003336,between_mainshocks,-1,0
gamma_0002604,between_mainshocks,-1,1
gamma_0004620,between_mainshocks,0,-3
gamma_0004614,between_mainshocks,0,-2
gamma_0000559,between_mainshocks,0,-1
gamma_0003242,between_mainshocks,0,0
gamma_0003185,between_mainshocks,1,-3
gamma_0001516,between_mainshocks,1,-2
gamma_0001836,between_mainshocks,1,-1
gamma_0009851,after_M7.1,-3,3
gamma_0005862,after_M7.1,-2,-1
gamma_0006787,after_M7.1,-2,0
gamma_0007750,after_M7.1,-2,1
gamma_0008069,after_M7.1,-2,2
gamma_0006839,after_M7.1,-1,-2
gamma_0009881,after_M7.1,-1,-1
gamma_0006138,after_M7.1,-1,0
gamma_0008815,after_M7.1,-1,1
gamma_0009563,after_M7.1,-1,2
gamma_0008361,after_M7.1,0,-3
gamma_0009427,after_M7.1,0,-2
gamma_0006573,after_M7.1,0,-1
gamma_0007130,after_M7.1,0,0
gamma_0007833,after_M7.1,0,2
gamma_0007576,after_M7.1,1,-3
gamma_0009017,after_M7.1,1,-2
gamma_0009095,after_M7.1,1,-1
gamma_0008839,after_M7.1,1,1
gamma_0008671,after_M7.1,2,-3
gamma_0006464,after_M7.1,2,2
gamma_0000029,before_M6.4,0,-1
gamma_0001515,between_mainshocks,-2,-2
gamma_0000096,between_mainshocks,-2,-1
gamma_0003130,between_mainshocks,-2,1
gamma_0004182,between_mainshocks,-1,-3
gamma_0003471,between_mainshocks,-1,-2
gamma_0003931,between_mainshocks,-1,-1
gamma_0003403,between_mainshocks,-1,0
gamma_0002685,between_mainshocks,0,-3
gamma_0004196,between_mainshocks,0,-2
gamma_0003390,between_mainshocks,0,-1
