path,bytes,seed_id,rates_hz,segments,finite_samples,nonfinite_samples,zero_samples,mean_counts,std_counts,peak_abs_counts,longest_constant_s,longest_segment_extreme_plateau_s,decode_warnings
data/CI.APL/CI.APL..HNE__20190704T000000Z__20190705T000000Z.mseed,13076992,CI.APL..HNE,100.0,1,8640000,0,0,-6152.564896412037,351.8593758096534,56914.0,0.04,0.01,
data/CI.APL/CI.APL..HNE__20190705T000000Z__20190706T000000Z.mseed,13105664,CI.APL..HNE,100.0,1,8640000,0,0,-6343.585822685185,168.1072322539554,17902.0,0.04,0.01,
data/CI.APL/CI.APL..HNE__20190706T000000Z__20190707T000000Z.mseed,13078016,CI.APL..HNE,100.0,1,8640000,0,0,-6265.58210925926,381.77263903100624,80110.0,0.04,0.01,
data/CI.APL/CI.APL..HNN__20190704T000000Z__20190705T000000Z.mseed,13182464,CI.APL..HNN,100.0,1,8640000,0,0,-20379.29502361111,352.10344965671794,63993.0,0.04,0.01,
data/CI.APL/CI.APL..HNN__20190705T000000Z__20190706T000000Z.mseed,13108224,CI.APL..HNN,100.0,1,8640000,0,0,-20188.42199340278,169.33857799015703,30898.0,0.04,0.01,
data/CI.APL/CI.APL..HNN__20190706T000000Z__20190707T000000Z.mseed,13092864,CI.APL..HNN,100.0,1,8640000,0,0,-20274.61932025463,387.51837894600413,148821.0,0.03,0.01,
data/CI.APL/CI.APL..HNZ__20190704T000000Z__20190705T000000Z.mseed,15027200,CI.APL..HNZ,100.0,1,8640000,0,0,-6795.0014060185185,369.9312580097198,47468.0,0.03,0.01,
data/CI.APL/CI.APL..HNZ__20190705T000000Z__20190706T000000Z.mseed,15098880,CI.APL..HNZ,100.0,1,8640000,0,0,-6637.8086940972225,222.8316623079668,15793.0,0.03,0.01,
data/CI.APL/CI.APL..HNZ__20190706T000000Z__20190707T000000Z.mseed,14971392,CI.APL..HNZ,100.0,1,8640000,0,0,-6739.7794043981485,360.7836194462306,90337.0,0.03,0.01,
data/CI.CCA/CI.CCA..HHE__20190704T000000Z__20190705T000000Z.mseed,12148736,CI.CCA..HHE,100.0,1,8640000,0,1683,393.9632068287037,118187.66405043202,9120249.0,0.05,0.01,
data/CI.CCA/CI.CCA..HHE__20190705T000000Z__20190706T000000Z.mseed,10829824,CI.CCA..HHE,100.0,1,8640000,0,1279,397.2694271990741,15422.513182663892,2981353.0,0.05,0.01,
data/CI.CCA/CI.CCA..HHE__20190706T000000Z__20190707T000000Z.mseed,12390400,CI.CCA..HHE,100.0,1,8640000,0,2069,396.789265625,136578.5745891152,9540663.0,0.04,0.01,
data/CI.CCA/CI.CCA..HHN__20190704T000000Z__20190705T000000Z.mseed,12333056,CI.CCA..HHN,100.0,1,8640000,0,1152,445.8523133101852,94195.2559411764,9089739.0,0.05,0.01,
data/CI.CCA/CI.CCA..HHN__20190705T000000Z__20190706T000000Z.mseed,10985472,CI.CCA..HHN,100.0,1,8640000,0,816,445.16668587962965,12178.477184740446,3663867.0,0.05,0.01,
data/CI.CCA/CI.CCA..HHN__20190706T000000Z__20190707T000000Z.mseed,12378112,CI.CCA..HHN,100.0,1,8640000,0,1695,426.40603020833333,145886.54421875806,9609973.0,0.04,0.01,
data/CI.CCA/CI.CCA..HHZ__20190704T000000Z__20190705T000000Z.mseed,12963840,CI.CCA..HHZ,100.0,1,8640000,0,16337,-109.80441759259259,39832.099960003325,7146860.0,0.05,0.01,
data/CI.CCA/CI.CCA..HHZ__20190705T000000Z__20190706T000000Z.mseed,11292672,CI.CCA..HHZ,100.0,1,8640000,0,16961,-108.78113773148148,5898.485675371614,1188003.0,0.05,0.01,
data/CI.CCA/CI.CCA..HHZ__20190706T000000Z__20190707T000000Z.mseed,13197312,CI.CCA..HHZ,100.0,1,8640000,0,12213,-150.53922118055556,107894.86192805662,8814075.0,0.04,0.01,
data/CI.CCC/CI.CCC..HHE__20190704T000000Z__20190705T000000Z.mseed,17866752,CI.CCC..HHE,100.0,1,8640000,0,5296,18.363645833333333,155058.6773496656,11834433.0,0.04,0.01,
data/CI.CCC/CI.CCC..HHE__20190705T000000Z__20190706T000000Z.mseed,17416192,CI.CCC..HHE,100.0,1,8640000,0,5949,270.13715520833335,46579.8067371666,10261023.0,0.03,0.01,
data/CI.CCC/CI.CCC..HHE__20190706T000000Z__20190707T000000Z.mseed,18993152,CI.CCC..HHE,100.0,1,8640000,0,2480,-231.3013628472222,258904.75565750207,12891653.0,0.03,0.01,
data/CI.CCC/CI.CCC..HHN__20190704T000000Z__20190705T000000Z.mseed,18092032,CI.CCC..HHN,100.0,1,8640000,0,4612,-496.37598449074073,169379.82753780528,13063811.0,0.04,0.01,
data/CI.CCC/CI.CCC..HHN__20190705T000000Z__20190706T000000Z.mseed,18358272,CI.CCC..HHN,100.0,1,8640000,0,4106,384.79801840277776,52573.146489864506,10319904.0,0.03,0.01,
data/CI.CCC/CI.CCC..HHN__20190706T000000Z__20190707T000000Z.mseed,19214336,CI.CCC..HHN,100.0,1,8640000,0,1960,-7382.081302662037,353611.16520520573,12757184.0,0.03,0.01,
data/CI.CCC/CI.CCC..HHZ__20190704T000000Z__20190705T000000Z.mseed,15433728,CI.CCC..HHZ,100.0,1,8640000,0,142,1809.5877351851852,117086.01455627532,11712120.0,0.05,0.01,
data/CI.CCC/CI.CCC..HHZ__20190705T000000Z__20190706T000000Z.mseed,15974400,CI.CCC..HHZ,100.0,1,8640000,0,139,1709.171271412037,23657.7553101696,6128589.0,0.03,0.01,
data/CI.CCC/CI.CCC..HHZ__20190706T000000Z__20190707T000000Z.mseed,18571264,CI.CCC..HHZ,100.0,1,8640000,0,459,1970.1872644675925,194755.39373085022,12996109.0,0.03,0.01,
data/CI.CGO/CI.CGO..HHE__20190704T000000Z__20190705T000000Z.mseed,10088448,CI.CGO..HHE,100.0,1,8640000,0,16537,-147.44554305555556,48686.07682101211,7374088.0,0.05,0.01,
data/CI.CGO/CI.CGO..HHE__20190705T000000Z__20190706T000000Z.mseed,9953280,CI.CGO..HHE,100.0,1,8640000,0,16063,-142.89613356481482,8229.587646833344,2110887.0,0.09,0.01,
data/CI.CGO/CI.CGO..HHE__20190706T000000Z__20190707T000000Z.mseed,12886016,CI.CGO..HHE,100.0,1,8640000,0,7161,-173.52308969907406,119745.5067059881,7656095.0,0.05,0.01,
data/CI.CGO/CI.CGO..HHN__20190704T000000Z__20190705T000000Z.mseed,9973760,CI.CGO..HHN,100.0,1,8640000,0,5504,-319.2863271990741,43725.78939824626,6644064.0,0.06,0.01,
data/CI.CGO/CI.CGO..HHN__20190705T000000Z__20190706T000000Z.mseed,9809920,CI.CGO..HHN,100.0,1,8640000,0,9226,-304.9572693287037,7496.996063920732,1686003.0,0.06,0.01,
data/CI.CGO/CI.CGO..HHN__20190706T000000Z__20190707T000000Z.mseed,12709888,CI.CGO..HHN,100.0,1,8640000,0,6508,-402.7537791666667,117135.20271024785,7596478.0,0.05,0.01,
data/CI.CGO/CI.CGO..HHZ__20190704T000000Z__20190705T000000Z.mseed,9850880,CI.CGO..HHZ,100.0,1,8640000,0,195,-1036.4170878472223,24787.234691440204,4145090.0,0.06,0.01,
data/CI.CGO/CI.CGO..HHZ__20190705T000000Z__20190706T000000Z.mseed,9687040,CI.CGO..HHZ,100.0,1,8640000,0,66,-1032.011839351852,3733.262185109912,788628.0,0.07,0.01,
data/CI.CGO/CI.CGO..HHZ__20190706T000000Z__20190707T000000Z.mseed,12103680,CI.CGO..HHZ,100.0,1,8640000,0,344,-1031.9671125,65242.21583009982,7455514.0,0.06,0.01,
data/CI.CLC/CI.CLC..HHE__20190704T000000Z__20190705T000000Z.mseed,11845632,CI.CLC..HHE,100.0,1,8640000,0,2014,407.30136550925926,100616.34489876797,10920361.0,0.08,0.01,
data/CI.CLC/CI.CLC..HHE__20190705T000000Z__20190706T000000Z.mseed,15020032,CI.CLC..HHE,100.0,1,8640000,0,2762,444.76720474537035,46641.63376465001,11043902.0,0.04,0.01,
data/CI.CLC/CI.CLC..HHE__20190706T000000Z__20190707T000000Z.mseed,18382848,CI.CLC..HHE,100.0,1,8640000,0,2670,802.2279319444444,172569.2450666728,11660376.0,0.04,0.01,
data/CI.CLC/CI.CLC..HHN__20190704T000000Z__20190705T000000Z.mseed,11890688,CI.CLC..HHN,100.0,1,8640000,0,18602,166.29315960648148,108555.98209302689,11750102.0,0.08,0.01,
data/CI.CLC/CI.CLC..HHN__20190705T000000Z__20190706T000000Z.mseed,15409152,CI.CLC..HHN,100.0,1,8640000,0,12874,146.28854849537038,93983.56331680878,11543351.0,0.04,0.01,
data/CI.CLC/CI.CLC..HHN__20190706T000000Z__20190707T000000Z.mseed,18505728,CI.CLC..HHN,100.0,1,8640000,0,3482,655.5508212962962,173767.48047066346,12441410.0,0.04,0.01,
data/CI.CLC/CI.CLC..HHZ__20190704T000000Z__20190705T000000Z.mseed,11923456,CI.CLC..HHZ,100.0,1,8640000,0,7005,202.01821516203702,78735.39876427496,11708838.0,0.06,0.01,
data/CI.CLC/CI.CLC..HHZ__20190705T000000Z__20190706T000000Z.mseed,15806464,CI.CLC..HHZ,100.0,1,8640000,0,8987,210.15287997685186,33472.044697488294,11403246.0,0.04,0.01,
data/CI.CLC/CI.CLC..HHZ__20190706T000000Z__20190707T000000Z.mseed,18554880,CI.CLC..HHZ,100.0,1,8640000,0,3699,74.89244606481482,156217.39051743777,12776360.0,0.04,0.01,
data/CI.CWC/CI.CWC..HHE__20190704T000000Z__20190705T000000Z.mseed,18771968,CI.CWC..HHE,100.0,1,8640000,0,3722,79.8025482638889,31874.637873505206,4485586.0,0.03,0.01,
data/CI.CWC/CI.CWC..HHE__20190705T000000Z__20190706T000000Z.mseed,18767872,CI.CWC..HHE,100.0,1,8640000,0,3931,71.82814548611111,3032.483405010726,561166.0,0.02,0.01,
data/CI.CWC/CI.CWC..HHE__20190706T000000Z__20190707T000000Z.mseed,18800640,CI.CWC..HHE,100.0,1,8640000,0,3190,121.3430013888889,116217.7930460565,10270813.0,0.03,0.01,
data/CI.CWC/CI.CWC..HHN__20190704T000000Z__20190705T000000Z.mseed,18776064,CI.CWC..HHN,100.0,1,8640000,0,2716,581.8369648148148,22645.839662376897,3917307.0,0.02,0.01,
data/CI.CWC/CI.CWC..HHN__20190705T000000Z__20190706T000000Z.mseed,18767872,CI.CWC..HHN,100.0,1,8640000,0,3046,557.9936378472222,2949.1281976434266,695995.0,0.03,0.01,
data/CI.CWC/CI.CWC..HHN__20190706T000000Z__20190707T000000Z.mseed,18804736,CI.CWC..HHN,100.0,1,8640000,0,2612,607.0762773148148,115976.61273354148,10226223.0,0.03,0.01,
data/CI.CWC/CI.CWC..HHZ__20190704T000000Z__20190705T000000Z.mseed,18771968,CI.CWC..HHZ,100.0,1,8640000,0,4250,203.2633125,19264.439955135447,2254190.0,0.03,0.01,
data/CI.CWC/CI.CWC..HHZ__20190705T000000Z__20190706T000000Z.mseed,18763776,CI.CWC..HHZ,100.0,1,8640000,0,4595,206.97130925925927,2452.3812936810987,430839.0,0.03,0.01,
data/CI.CWC/CI.CWC..HHZ__20190706T000000Z__20190707T000000Z.mseed,18804736,CI.CWC..HHZ,100.0,1,8640000,0,3888,275.1275302083333,63816.06383066902,6785144.0,0.03,0.01,
data/CI.DAW/CI.DAW..HHE__20190704T000000Z__20190705T000000Z.mseed,10399744,CI.DAW..HHE,100.0,1,8640000,0,1050,291.0910782407407,14121.889253845982,2220311.0,0.07,0.01,
data/CI.DAW/CI.DAW..HHE__20190705T000000Z__20190706T000000Z.mseed,10190848,CI.DAW..HHE,100.0,1,8640000,0,740,323.4749542824074,3163.425246481956,1195238.0,0.06,0.01,
data/CI.DAW/CI.DAW..HHE__20190706T000000Z__20190707T000000Z.mseed,14426112,CI.DAW..HHE,100.0,1,8640000,0,2748,303.12687847222224,58095.619267407645,9070058.0,0.04,0.01,
data/CI.DAW/CI.DAW..HHN__20190704T000000Z__20190705T000000Z.mseed,10285056,CI.DAW..HHN,100.0,1,8640000,0,540,-415.8028449074074,12899.160933358502,2267211.0,0.08,0.01,
data/CI.DAW/CI.DAW..HHN__20190705T000000Z__20190706T000000Z.mseed,10067968,CI.DAW..HHN,100.0,1,8640000,0,349,-394.6546261574074,2776.5891425004943,662063.0,0.07,0.01,
data/CI.DAW/CI.DAW..HHN__20190706T000000Z__20190707T000000Z.mseed,14168064,CI.DAW..HHN,100.0,1,8640000,0,1200,-416.61944560185185,63563.817383150556,9096819.0,0.04,0.01,
data/CI.DAW/CI.DAW..HHZ__20190704T000000Z__20190705T000000Z.mseed,14753792,CI.DAW..HHZ,100.0,1,8640000,0,5886,89.9018275462963,14703.181104158748,2268644.0,0.05,0.01,
data/CI.DAW/CI.DAW..HHZ__20190705T000000Z__20190706T000000Z.mseed,12263424,CI.DAW..HHZ,100.0,1,8640000,0,4658,136.23424872685186,3001.616960864881,704770.0,0.05,0.01,
data/CI.DAW/CI.DAW..HHZ__20190706T000000Z__20190707T000000Z.mseed,16437248,CI.DAW..HHZ,100.0,1,8640000,0,4494,296.72767164351853,40227.1788773612,6061554.0,0.04,0.01,
data/CI.DTP/CI.DTP..HHE__20190704T000000Z__20190705T000000Z.mseed,10911744,CI.DTP..HHE,100.0,1,8640000,0,474,-550.6440327546296,99665.95394616114,10314543.0,0.07,0.01,
data/CI.DTP/CI.DTP..HHE__20190705T000000Z__20190706T000000Z.mseed,10170368,CI.DTP..HHE,100.0,1,8640000,0,248,-593.0662795138888,7010.249726927015,1345803.0,0.06,0.01,
data/CI.DTP/CI.DTP..HHE__20190706T000000Z__20190707T000000Z.mseed,13213696,CI.DTP..HHE,100.0,1,8640000,0,959,-493.2021125,144157.35104655378,10355603.0,0.05,0.01,
data/CI.DTP/CI.DTP..HHN__20190704T000000Z__20190705T000000Z.mseed,10858496,CI.DTP..HHN,100.0,1,8640000,0,609,468.89293784722224,63730.096829290815,10204023.0,0.06,0.01,
data/CI.DTP/CI.DTP..HHN__20190705T000000Z__20190706T000000Z.mseed,10366976,CI.DTP..HHN,100.0,1,8640000,0,426,469.5667346064815,6270.123844121892,1980618.0,0.07,0.01,
data/CI.DTP/CI.DTP..HHN__20190706T000000Z__20190707T000000Z.mseed,13848576,CI.DTP..HHN,100.0,1,8640000,0,1468,339.41474467592593,130694.64211469148,10340854.0,0.05,0.01,
data/CI.DTP/CI.DTP..HHZ__20190704T000000Z__20190705T000000Z.mseed,10883072,CI.DTP..HHZ,100.0,1,8640000,0,448,600.3193076388889,44712.57642802159,6956761.0,0.06,0.01,
data/CI.DTP/CI.DTP..HHZ__20190705T000000Z__20190706T000000Z.mseed,10436608,CI.DTP..HHZ,100.0,1,8640000,0,164,619.9502050925926,5033.802275388054,1459258.0,0.06,0.01,
data/CI.DTP/CI.DTP..HHZ__20190706T000000Z__20190707T000000Z.mseed,14016512,CI.DTP..HHZ,100.0,1,8640000,0,727,735.9143738425926,97420.36003284143,10273688.0,0.06,0.01,
data/CI.EDW2/CI.EDW2..HHE__20190704T000000Z__20190705T000000Z.mseed,11300864,CI.EDW2..HHE,100.0,1,8640000,0,224,948.6951486111111,55056.4414113438,7923951.0,0.04,0.01,
data/CI.EDW2/CI.EDW2..HHE__20190705T000000Z__20190706T000000Z.mseed,10752000,CI.EDW2..HHE,100.0,1,8640000,0,108,947.8516407407408,4913.619956921205,1271528.0,0.04,0.01,
data/CI.EDW2/CI.EDW2..HHE__20190706T000000Z__20190707T000000Z.mseed,14643200,CI.EDW2..HHE,100.0,1,8640000,0,427,961.3678943287038,110915.46518009629,8425599.0,0.04,0.01,
data/CI.EDW2/CI.EDW2..HHN__20190704T000000Z__20190705T000000Z.mseed,10944512,CI.EDW2..HHN,100.0,1,8640000,0,899,365.22848842592595,37076.123522854214,7407718.0,0.04,0.01,
data/CI.EDW2/CI.EDW2..HHN__20190705T000000Z__20190706T000000Z.mseed,10412032,CI.EDW2..HHN,100.0,1,8640000,0,791,362.09186064814816,4340.317832060874,1636268.0,0.04,0.01,
data/CI.EDW2/CI.EDW2..HHN__20190706T000000Z__20190707T000000Z.mseed,13869056,CI.EDW2..HHN,100.0,1,8640000,0,2048,362.2939856481481,102640.24721736826,8296200.0,0.03,0.01,
data/CI.EDW2/CI.EDW2..HHZ__20190704T000000Z__20190705T000000Z.mseed,10649600,CI.EDW2..HHZ,100.0,1,8640000,0,20721,69.48001145833334,26045.94792599557,4665735.0,0.05,0.01,
data/CI.EDW2/CI.EDW2..HHZ__20190705T000000Z__20190706T000000Z.mseed,10113024,CI.EDW2..HHZ,100.0,1,8640000,0,26857,64.70151331018519,3427.8015521916423,744612.0,0.05,0.01,
data/CI.EDW2/CI.EDW2..HHZ__20190706T000000Z__20190707T000000Z.mseed,13045760,CI.EDW2..HHZ,100.0,1,8640000,0,20114,104.76471516203704,83924.90372490596,7599360.0,0.05,0.01,
data/CI.FUR/CI.FUR..HHE__20190704T000000Z__20190705T000000Z.mseed,16244736,CI.FUR..HHE,100.0,1,8640000,0,2968,2000060.6752442128,3308474.4416696643,7548199.0,0.08,0.01,
data/CI.FUR/CI.FUR..HHE__20190705T000000Z__20190706T000000Z.mseed,13635584,CI.FUR..HHE,100.0,1,8640000,0,969,4077477.350670949,3721447.5147431805,7472543.0,0.07,0.01,
data/CI.FUR/CI.FUR..HHE__20190706T000000Z__20190707T000000Z.mseed,18792448,CI.FUR..HHE,100.0,1,8640000,0,4885,-12.740780208333334,146827.17928936347,8342057.0,0.03,0.01,
data/CI.FUR/CI.FUR..HHN__20190704T000000Z__20190705T000000Z.mseed,18780160,CI.FUR..HHN,100.0,1,8640000,0,1692,680.9954949074074,82234.63502359651,7582876.0,0.02,0.01,
data/CI.FUR/CI.FUR..HHN__20190705T000000Z__20190706T000000Z.mseed,18771968,CI.FUR..HHN,100.0,1,8640000,0,1856,803.8078864583333,16367.626446598273,2936412.0,0.03,0.01,
data/CI.FUR/CI.FUR..HHN__20190706T000000Z__20190707T000000Z.mseed,18800640,CI.FUR..HHN,100.0,1,8640000,0,1678,1031.8843752314815,142718.15579363736,8131747.0,0.02,0.01,
data/CI.FUR/CI.FUR..HHZ__20190704T000000Z__20190705T000000Z.mseed,18776064,CI.FUR..HHZ,100.0,1,8640000,0,1535,-278.47690949074075,37102.362977549004,5952560.0,0.02,0.01,
data/CI.FUR/CI.FUR..HHZ__20190705T000000Z__20190706T000000Z.mseed,18767872,CI.FUR..HHZ,100.0,1,8640000,0,1425,62.368819907407406,10755.897419369767,1535853.0,0.02,0.01,
data/CI.FUR/CI.FUR..HHZ__20190706T000000Z__20190707T000000Z.mseed,18792448,CI.FUR..HHZ,100.0,1,8640000,0,1283,160.92668217592592,91790.08399035767,7572853.0,0.02,0.01,
data/CI.GSC/CI.GSC..HHE__20190704T000000Z__20190705T000000Z.mseed,15380480,CI.GSC..HHE,100.0,1,8640000,0,1273,-379.80401770833333,332645.49310104095,37935904.0,0.04,0.01,
data/CI.GSC/CI.GSC..HHE__20190705T000000Z__20190706T000000Z.mseed,15237120,CI.GSC..HHE,100.0,1,8640000,0,1582,285.74104756944445,56285.684232688,14419204.0,0.03,0.01,
data/CI.GSC/CI.GSC..HHE__20190706T000000Z__20190707T000000Z.mseed,17137664,CI.GSC..HHE,100.0,1,8640000,0,1213,-3518.9786886574075,649338.0963460362,38248244.0,0.03,0.01,
data/CI.GSC/CI.GSC..HHN__20190704T000000Z__20190705T000000Z.mseed,17563648,CI.GSC..HHN,100.0,1,8640000,0,1076,-2223.4396591435184,362045.3081829825,38186108.0,0.03,0.01,
data/CI.GSC/CI.GSC..HHN__20190705T000000Z__20190706T000000Z.mseed,17588224,CI.GSC..HHN,100.0,1,8640000,0,1601,-1212.4594482638888,55562.56884031353,17870060.0,0.03,0.01,
data/CI.GSC/CI.GSC..HHN__20190706T000000Z__20190707T000000Z.mseed,18276352,CI.GSC..HHN,100.0,1,8640000,0,1341,-1717.272747337963,712272.0823661935,38224952.0,0.1,0.01,
data/CI.GSC/CI.GSC..HHZ__20190704T000000Z__20190705T000000Z.mseed,17461248,CI.GSC..HHZ,100.0,1,8640000,0,2362,-25.770947337962962,191438.22617419422,27891730.0,0.03,0.01,
data/CI.GSC/CI.GSC..HHZ__20190705T000000Z__20190706T000000Z.mseed,17203200,CI.GSC..HHZ,100.0,1,8640000,0,2340,-72.11768668981482,26300.50761096064,4920262.0,0.03,0.01,
data/CI.GSC/CI.GSC..HHZ__20190706T000000Z__20190707T000000Z.mseed,17903616,CI.GSC..HHZ,100.0,1,8640000,0,1742,-22.655522916666666,496822.87624373345,37607172.0,0.03,0.01,
data/CI.HAR/CI.HAR..HHE__20190704T000000Z__20190705T000000Z.mseed,10035200,CI.HAR..HHE,100.0,1,8640000,0,4475,295.09373657407406,91755.7757860694,10294427.0,0.05,0.01,
data/CI.HAR/CI.HAR..HHE__20190705T000000Z__20190706T000000Z.mseed,9805824,CI.HAR..HHE,100.0,1,8640000,0,4727,280.47056944444444,17471.942901164784,4318049.0,0.05,0.01,
data/CI.HAR/CI.HAR..HHE__20190706T000000Z__20190707T000000Z.mseed,11632640,CI.HAR..HHE,100.0,1,8640000,0,2010,-3306071.323664352,3785563.3678570744,10697692.0,0.04,0.01,
data/CI.HAR/CI.HAR..HHN__20190704T000000Z__20190705T000000Z.mseed,10027008,CI.HAR..HHN,100.0,1,8640000,0,1082,-486.31717106481483,88622.09209720882,10309377.0,0.08,0.01,
data/CI.HAR/CI.HAR..HHN__20190705T000000Z__20190706T000000Z.mseed,9793536,CI.HAR..HHN,100.0,1,8640000,0,696,-492.891603125,13614.076552348522,1972218.0,0.06,0.01,
data/CI.HAR/CI.HAR..HHN__20190706T000000Z__20190707T000000Z.mseed,11837440,CI.HAR..HHN,100.0,1,8640000,0,1015,-1900530.8330597223,2180429.668453068,10693570.0,0.04,0.01,
data/CI.HAR/CI.HAR..HHZ__20190704T000000Z__20190705T000000Z.mseed,10305536,CI.HAR..HHZ,100.0,1,8640000,0,19483,-47.14957314814815,33569.39267792542,5718186.0,0.05,0.01,
data/CI.HAR/CI.HAR..HHZ__20190705T000000Z__20190706T000000Z.mseed,9928704,CI.HAR..HHZ,100.0,1,8640000,0,21371,-59.6294869212963,5014.811575213833,1192411.0,0.05,0.01,
data/CI.HAR/CI.HAR..HHZ__20190706T000000Z__20190707T000000Z.mseed,12087296,CI.HAR..HHZ,100.0,1,8640000,0,3237,-2893261.656438426,3314257.219109532,10788720.0,0.04,0.01,
data/CI.HYS/CI.HYS..HHE__20190704T000000Z__20190705T000000Z.mseed,10194944,CI.HYS..HHE,100.0,1,8640000,0,733,401.63245520833334,31318.60195673746,6600302.0,0.06,0.01,
data/CI.HYS/CI.HYS..HHE__20190705T000000Z__20190706T000000Z.mseed,9986048,CI.HYS..HHE,100.0,1,8640000,0,585,385.1271899305556,3599.739979579565,972650.0,0.07,0.01,
data/CI.HYS/CI.HYS..HHE__20190706T000000Z__20190707T000000Z.mseed,12754944,CI.HYS..HHE,100.0,1,8640000,0,1649,371.18142615740743,110374.30193718639,10424797.0,0.05,0.01,
data/CI.HYS/CI.HYS..HHN__20190704T000000Z__20190705T000000Z.mseed,10276864,CI.HYS..HHN,100.0,1,8640000,0,1776,282.34743136574076,34636.71252479742,6393028.0,0.06,0.01,
data/CI.HYS/CI.HYS..HHN__20190705T000000Z__20190706T000000Z.mseed,10051584,CI.HYS..HHN,100.0,1,8640000,0,2163,265.69368148148146,4146.422496751214,954135.0,0.07,0.01,
data/CI.HYS/CI.HYS..HHN__20190706T000000Z__20190707T000000Z.mseed,12988416,CI.HYS..HHN,100.0,1,8640000,0,3511,257.85820243055554,103073.14686159341,10405884.0,0.05,0.01,
data/CI.HYS/CI.HYS..HHZ__20190704T000000Z__20190705T000000Z.mseed,10444800,CI.HYS..HHZ,100.0,1,8640000,0,804,396.63907858796296,27857.10873417018,4456098.0,0.05,0.01,
data/CI.HYS/CI.HYS..HHZ__20190705T000000Z__20190706T000000Z.mseed,10121216,CI.HYS..HHZ,100.0,1,8640000,0,479,395.4671002314815,3470.5208053940783,1004532.0,0.06,0.01,
data/CI.HYS/CI.HYS..HHZ__20190706T000000Z__20190707T000000Z.mseed,13135872,CI.HYS..HHZ,100.0,1,8640000,0,1610,402.1546793981482,86429.82632381363,10276936.0,0.05,0.01,
data/CI.ISA/CI.ISA..HHE__20190704T000000Z__20190705T000000Z.mseed,12308480,CI.ISA..HHE,100.0,1,8640000,0,1651,2054.603555787037,172886.1535782401,33031268.0,0.04,0.01,
data/CI.ISA/CI.ISA..HHE__20190705T000000Z__20190706T000000Z.mseed,13651968,CI.ISA..HHE,100.0,1,8640000,0,1648,1531.3492858796296,25484.605841246295,5292396.0,0.03,0.01,
data/CI.ISA/CI.ISA..HHE__20190706T000000Z__20190707T000000Z.mseed,17817600,CI.ISA..HHE,100.0,1,8640000,0,1097,3564.1575613425925,473503.14085280604,37223764.0,0.04,0.01,
data/CI.ISA/CI.ISA..HHN__20190704T000000Z__20190705T000000Z.mseed,11984896,CI.ISA..HHN,100.0,1,8640000,0,1532,-1104.3441855324074,159769.2817500069,23235374.0,0.04,0.01,
data/CI.ISA/CI.ISA..HHN__20190705T000000Z__20190706T000000Z.mseed,13058048,CI.ISA..HHN,100.0,1,8640000,0,2037,-828.2344881944445,21630.483851707726,4857184.0,0.04,0.01,
data/CI.ISA/CI.ISA..HHN__20190706T000000Z__20190707T000000Z.mseed,17596416,CI.ISA..HHN,100.0,1,8640000,0,1349,-1166.1769703703703,523380.5128317782,37293208.0,0.03,0.01,
data/CI.ISA/CI.ISA..HHZ__20190704T000000Z__20190705T000000Z.mseed,12365824,CI.ISA..HHZ,100.0,1,8640000,0,1476,173.82992060185185,244719.37498238255,37301220.0,0.04,0.01,
data/CI.ISA/CI.ISA..HHZ__20190705T000000Z__20190706T000000Z.mseed,13766656,CI.ISA..HHZ,100.0,1,8640000,0,1710,203.71732824074073,38289.212767615194,7628909.0,0.04,0.01,
data/CI.ISA/CI.ISA..HHZ__20190706T000000Z__20190707T000000Z.mseed,17895424,CI.ISA..HHZ,100.0,1,8640000,0,1129,165.73223252314816,592503.2788971942,37330516.0,0.03,0.01,
data/CI.JRC2/CI.JRC2..HHE__20190704T000000Z__20190705T000000Z.mseed,13332480,CI.JRC2..HHE,100.0,1,8640000,0,385,687.8444417824074,99698.40198177095,8704120.0,0.04,0.01,
data/CI.JRC2/CI.JRC2..HHE__20190705T000000Z__20190706T000000Z.mseed,13893632,CI.JRC2..HHE,100.0,1,8640000,0,568,793.8454496527778,27806.366246992042,7420560.0,0.04,0.01,
data/CI.JRC2/CI.JRC2..HHE__20190706T000000Z__20190707T000000Z.mseed,18669568,CI.JRC2..HHE,100.0,1,8640000,0,1093,781.0513103009259,206150.7759248837,9644930.0,0.04,0.01,
data/CI.JRC2/CI.JRC2..HHN__20190704T000000Z__20190705T000000Z.mseed,13692928,CI.JRC2..HHN,100.0,1,8640000,0,1674,419.48981493055555,94398.31515774358,9372373.0,0.04,0.01,
data/CI.JRC2/CI.JRC2..HHN__20190705T000000Z__20190706T000000Z.mseed,14368768,CI.JRC2..HHN,100.0,1,8640000,0,3376,425.269869212963,26255.279265286277,7150288.0,0.04,0.01,
data/CI.JRC2/CI.JRC2..HHN__20190706T000000Z__20190707T000000Z.mseed,18792448,CI.JRC2..HHN,100.0,1,8640000,0,1715,698.6922777777778,201163.3719547892,9422936.0,0.03,0.01,
data/CI.JRC2/CI.JRC2..HHZ__20190704T000000Z__20190705T000000Z.mseed,12611584,CI.JRC2..HHZ,100.0,1,8640000,0,10125,210.44422060185184,66525.1047122777,7652187.0,0.05,0.01,
data/CI.JRC2/CI.JRC2..HHZ__20190705T000000Z__20190706T000000Z.mseed,12988416,CI.JRC2..HHZ,100.0,1,8640000,0,11713,162.56709652777778,13123.967038744637,3348657.0,0.04,0.01,
data/CI.JRC2/CI.JRC2..HHZ__20190706T000000Z__20190707T000000Z.mseed,18313216,CI.JRC2..HHZ,100.0,1,8640000,0,6920,135.16592256944443,142817.2490613882,9860025.0,0.04,0.01,
data/CI.LDR/CI.LDR..HHE__20190704T000000Z__20190705T000000Z.mseed,11755520,CI.LDR..HHE,100.0,1,8640000,0,330,871.1250934027778,78216.10693104359,10333299.0,0.04,0.01,
data/CI.LDR/CI.LDR..HHE__20190705T000000Z__20190706T000000Z.mseed,10981376,CI.LDR..HHE,100.0,1,8640000,0,172,858.6098042824074,7768.951798691245,2105689.0,0.04,0.01,
data/CI.LDR/CI.LDR..HHE__20190706T000000Z__20190707T000000Z.mseed,12902400,CI.LDR..HHE,100.0,1,8640000,0,561,836.1737497685185,143201.67600842565,10426656.0,0.04,0.01,
data/CI.LDR/CI.LDR..HHN__20190704T000000Z__20190705T000000Z.mseed,11390976,CI.LDR..HHN,100.0,1,8640000,0,50,2456.221654861111,79358.48108684907,10324279.0,0.04,0.01,
data/CI.LDR/CI.LDR..HHN__20190705T000000Z__20190706T000000Z.mseed,10563584,CI.LDR..HHN,100.0,1,8640000,0,14,2463.2600483796296,7053.163754544233,2375580.0,0.05,0.01,
data/CI.LDR/CI.LDR..HHN__20190706T000000Z__20190707T000000Z.mseed,12767232,CI.LDR..HHN,100.0,1,8640000,0,91,2443.508709027778,110852.7747115746,10255760.0,0.06,0.01,
data/CI.LDR/CI.LDR..HHZ__20190704T000000Z__20190705T000000Z.mseed,14659584,CI.LDR..HHZ,100.0,1,8640000,0,64,2374.887021527778,36963.673733916454,6440391.0,0.04,0.01,
data/CI.LDR/CI.LDR..HHZ__20190705T000000Z__20190706T000000Z.mseed,13213696,CI.LDR..HHZ,100.0,1,8640000,0,18,2375.5955322916666,4236.687556374648,807841.0,0.04,0.01,
data/CI.LDR/CI.LDR..HHZ__20190706T000000Z__20190707T000000Z.mseed,13656064,CI.LDR..HHZ,100.0,1,8640000,0,90,2361.492539814815,75003.11334406407,10149192.0,0.04,0.01,
data/CI.LMR2/CI.LMR2..HHE__20190704T000000Z__20190705T000000Z.mseed,15462400,CI.LMR2..HHE,100.0,1,8640000,0,2999,103.92499953703704,36792.98355289479,9876744.0,0.03,0.01,
data/CI.LMR2/CI.LMR2..HHE__20190705T000000Z__20190706T000000Z.mseed,13168640,CI.LMR2..HHE,100.0,1,8640000,0,3105,76.42542800925926,4228.416980408625,1314118.0,0.04,0.01,
data/CI.LMR2/CI.LMR2..HHE__20190706T000000Z__20190707T000000Z.mseed,14766080,CI.LMR2..HHE,100.0,1,8640000,0,2510,57.58812731481481,105707.14398331215,10109302.0,0.04,0.01,
data/CI.LMR2/CI.LMR2..HHN__20190704T000000Z__20190705T000000Z.mseed,16191488,CI.LMR2..HHN,100.0,1,8640000,0,6282,75.07358240740741,35102.64150082176,6072500.0,0.03,0.01,
data/CI.LMR2/CI.LMR2..HHN__20190705T000000Z__20190706T000000Z.mseed,14295040,CI.LMR2..HHN,100.0,1,8640000,0,5816,48.59299039351852,3909.188153254566,973731.0,0.04,0.01,
data/CI.LMR2/CI.LMR2..HHN__20190706T000000Z__20190707T000000Z.mseed,15265792,CI.LMR2..HHN,100.0,1,8640000,0,5358,24.81559097222222,107522.64967009643,10193578.0,0.04,0.01,
data/CI.LMR2/CI.LMR2..HHZ__20190704T000000Z__20190705T000000Z.mseed,11796480,CI.LMR2..HHZ,100.0,1,8640000,0,8216,194.44043159722222,33207.867516494865,5867499.0,0.04,0.01,
data/CI.LMR2/CI.LMR2..HHZ__20190705T000000Z__20190706T000000Z.mseed,11354112,CI.LMR2..HHZ,100.0,1,8640000,0,7665,154.9417880787037,3655.9911523240735,898168.0,0.05,0.01,
data/CI.LMR2/CI.LMR2..HHZ__20190706T000000Z__20190707T000000Z.mseed,13365248,CI.LMR2..HHZ,100.0,1,8640000,0,7375,147.00248854166668,104282.54502178713,10198302.0,0.06,0.01,
data/CI.LRL/CI.LRL..HHE__20190704T000000Z__20190705T000000Z.mseed,17178624,CI.LRL..HHE,100.0,1,8640000,0,2863,600.9061912037037,83470.81837038211,8329711.0,0.03,0.01,
data/CI.LRL/CI.LRL..HHE__20190705T000000Z__20190706T000000Z.mseed,17174528,CI.LRL..HHE,100.0,1,8640000,0,4079,439.05974328703707,19324.70352379508,7457272.0,0.03,0.01,
data/CI.LRL/CI.LRL..HHE__20190706T000000Z__20190707T000000Z.mseed,18636800,CI.LRL..HHE,100.0,1,8640000,0,3479,363.5354837962963,138876.22122465132,8651936.0,0.03,0.01,
data/CI.LRL/CI.LRL..HHN__20190704T000000Z__20190705T000000Z.mseed,18829312,CI.LRL..HHN,100.0,1,8640000,0,3609,-315.25282858796294,84909.46871639793,8670220.0,0.03,0.01,
data/CI.LRL/CI.LRL..HHN__20190705T000000Z__20190706T000000Z.mseed,18731008,CI.LRL..HHN,100.0,1,8640000,0,4153,-57.9856681712963,21029.211591178875,7495385.0,0.03,0.01,
data/CI.LRL/CI.LRL..HHN__20190706T000000Z__20190707T000000Z.mseed,19030016,CI.LRL..HHN,100.0,1,8640000,0,2597,-208.1985875,160101.68965861015,8837506.0,0.03,0.01,
data/CI.LRL/CI.LRL..HHZ__20190704T000000Z__20190705T000000Z.mseed,17563648,CI.LRL..HHZ,100.0,1,8640000,0,1540,-1169.8341476851851,63265.33539597011,8503651.0,0.03,0.01,
data/CI.LRL/CI.LRL..HHZ__20190705T000000Z__20190706T000000Z.mseed,17448960,CI.LRL..HHZ,100.0,1,8640000,0,269,-1108.1090961805555,11982.09485157291,5137257.0,0.03,0.01,
data/CI.LRL/CI.LRL..HHZ__20190706T000000Z__20190707T000000Z.mseed,18608128,CI.LRL..HHZ,100.0,1,8640000,0,713,-1224.2822835648149,109359.24906744661,8419716.0,0.03,0.01,
data/CI.MPM/CI.MPM..HHE__20190704T000000Z__20190705T000000Z.mseed,10506240,CI.MPM..HHE,100.0,1,8640000,0,14756,138.49192800925925,53300.99143498768,9968654.0,0.11,0.01,
data/CI.MPM/CI.MPM..HHE__20190705T000000Z__20190706T000000Z.mseed,10420224,CI.MPM..HHE,100.0,1,8640000,0,15722,105.6747125,22813.503685094693,8990454.0,0.06,0.01,
data/CI.MPM/CI.MPM..HHE__20190706T000000Z__20190707T000000Z.mseed,15704064,CI.MPM..HHE,100.0,1,8640000,0,15488,48.785081481481484,141593.6620930371,10595891.0,0.07,0.01,
data/CI.MPM/CI.MPM..HHN__20190704T000000Z__20190705T000000Z.mseed,10444800,CI.MPM..HHN,100.0,1,8640000,0,527,586.1963635416666,54677.885381713124,9868625.0,0.1,0.01,
data/CI.MPM/CI.MPM..HHN__20190705T000000Z__20190706T000000Z.mseed,10338304,CI.MPM..HHN,100.0,1,8640000,0,288,605.5961847222222,20280.59019835405,6491660.0,0.06,0.01,
data/CI.MPM/CI.MPM..HHN__20190706T000000Z__20190707T000000Z.mseed,15540224,CI.MPM..HHN,100.0,1,8640000,0,1176,450.11597569444444,131916.9440010784,11722565.0,0.06,0.01,
data/CI.MPM/CI.MPM..HHZ__20190704T000000Z__20190705T000000Z.mseed,10391552,CI.MPM..HHZ,100.0,1,8640000,0,235,917.6375777777778,43170.96801315715,7494390.0,0.11,0.01,
data/CI.MPM/CI.MPM..HHZ__20190705T000000Z__20190706T000000Z.mseed,10264576,CI.MPM..HHZ,100.0,1,8640000,0,100,935.5617467592592,13192.635950666787,4112495.0,0.07,0.01,
data/CI.MPM/CI.MPM..HHZ__20190706T000000Z__20190707T000000Z.mseed,15052800,CI.MPM..HHZ,100.0,2,8639997,0,499,888.4891860494859,102863.53179523339,10551507.0,0.06,0.01,
data/CI.SLA/CI.SLA..HHE__20190704T000000Z__20190705T000000Z.mseed,17928192,CI.SLA..HHE,100.0,1,8640000,0,859,972.329622337963,112165.07537862197,8345649.0,0.03,0.01,
data/CI.SLA/CI.SLA..HHE__20190705T000000Z__20190706T000000Z.mseed,17141760,CI.SLA..HHE,100.0,1,8640000,0,649,961.2067283564814,49680.81905791812,7842193.0,0.04,0.01,
data/CI.SLA/CI.SLA..HHE__20190706T000000Z__20190707T000000Z.mseed,18309120,CI.SLA..HHE,100.0,1,8640000,0,1408,1149.5381947916667,175110.84102659876,8499273.0,0.03,0.01,
data/CI.SLA/CI.SLA..HHN__20190704T000000Z__20190705T000000Z.mseed,17825792,CI.SLA..HHN,100.0,1,8640000,0,4520,338.89186770833334,103857.82571432549,8306386.0,0.03,0.01,
data/CI.SLA/CI.SLA..HHN__20190705T000000Z__20190706T000000Z.mseed,17260544,CI.SLA..HHN,100.0,1,8640000,0,6531,200.20802708333332,53033.206115879635,7946938.0,0.03,0.01,
data/CI.SLA/CI.SLA..HHN__20190706T000000Z__20190707T000000Z.mseed,18591744,CI.SLA..HHN,100.0,1,8640000,0,4238,-10.370342361111112,164731.0983847612,8441126.0,0.03,0.01,
data/CI.SLA/CI.SLA..HHZ__20190704T000000Z__20190705T000000Z.mseed,15876096,CI.SLA..HHZ,100.0,1,8640000,0,336,955.5755768518519,72443.84628654047,8333452.0,0.04,0.01,
data/CI.SLA/CI.SLA..HHZ__20190705T000000Z__20190706T000000Z.mseed,15138816,CI.SLA..HHZ,100.0,1,8640000,0,310,901.9933568287037,24383.51410371333,5554079.0,0.04,0.01,
data/CI.SLA/CI.SLA..HHZ__20190706T000000Z__20190707T000000Z.mseed,17698816,CI.SLA..HHZ,100.0,1,8640000,0,1066,839.3680515046296,118161.99754242125,8441928.0,0.03,0.01,
data/CI.SPG2/CI.SPG2..HHE__20190704T000000Z__20190705T000000Z.mseed,10248192,CI.SPG2..HHE,100.0,1,8640000,0,11008,66.76982939814815,23398.347168067412,4392599.0,0.06,0.01,
data/CI.SPG2/CI.SPG2..HHE__20190705T000000Z__20190706T000000Z.mseed,10121216,CI.SPG2..HHE,100.0,1,8640000,0,11263,72.45848807870371,2610.4182221821916,606818.0,0.05,0.01,
data/CI.SPG2/CI.SPG2..HHE__20190706T000000Z__20190707T000000Z.mseed,14090240,CI.SPG2..HHE,100.0,1,8640000,0,7402,68.7862423611111,62381.645128539036,7686491.0,0.05,0.01,
data/CI.SPG2/CI.SPG2..HHN__20190704T000000Z__20190705T000000Z.mseed,11640832,CI.SPG2..HHN,100.0,1,8640000,0,4632,47.84693518518519,30416.57935959156,5945904.0,0.06,0.01,
data/CI.SPG2/CI.SPG2..HHN__20190705T000000Z__20190706T000000Z.mseed,11771904,CI.SPG2..HHN,100.0,1,8640000,0,4908,27.772615856481483,3134.0256864386074,684303.0,0.06,0.01,
data/CI.SPG2/CI.SPG2..HHN__20190706T000000Z__20190707T000000Z.mseed,15613952,CI.SPG2..HHN,100.0,1,8640000,0,5404,-29.82575787037037,101391.811085919,10298702.0,0.05,0.01,
data/CI.SPG2/CI.SPG2..HHZ__20190704T000000Z__20190705T000000Z.mseed,12075008,CI.SPG2..HHZ,100.0,1,8640000,0,281,819.8870806712963,17282.522394687017,2809880.0,0.07,0.01,
data/CI.SPG2/CI.SPG2..HHZ__20190705T000000Z__20190706T000000Z.mseed,12275712,CI.SPG2..HHZ,100.0,1,8640000,0,77,815.8674108796296,2543.589850997537,393605.0,0.06,0.01,
data/CI.SPG2/CI.SPG2..HHZ__20190706T000000Z__20190707T000000Z.mseed,15753216,CI.SPG2..HHZ,100.0,1,8640000,0,548,807.9286842592593,59940.75230944463,8955080.0,0.04,0.01,
data/CI.SRT/CI.SRT..HHE__20190704T000000Z__20190705T000000Z.mseed,11194368,CI.SRT..HHE,100.0,1,8640000,0,7694,86.7312736111111,233085.95586074915,10115092.0,0.05,0.01,
data/CI.SRT/CI.SRT..HHE__20190705T000000Z__20190706T000000Z.mseed,11481088,CI.SRT..HHE,100.0,1,8640000,0,7465,-137.95569722222223,92342.99463589795,9142459.0,0.04,0.01,
data/CI.SRT/CI.SRT..HHE__20190706T000000Z__20190707T000000Z.mseed,16216064,CI.SRT..HHE,100.0,1,8640000,0,3693,-158.09752002314815,329043.05994016334,12005138.0,0.04,0.01,
data/CI.SRT/CI.SRT..HHN__20190704T000000Z__20190705T000000Z.mseed,11202560,CI.SRT..HHN,100.0,1,8640000,0,4121,-351.82220717592594,234206.7654047511,10875195.0,0.06,0.01,
data/CI.SRT/CI.SRT..HHN__20190705T000000Z__20190706T000000Z.mseed,11415552,CI.SRT..HHN,100.0,1,8640000,0,4312,-392.1219253472222,120712.62867883548,9124328.0,0.05,0.01,
data/CI.SRT/CI.SRT..HHN__20190706T000000Z__20190707T000000Z.mseed,16089088,CI.SRT..HHN,100.0,1,8640000,0,2186,-5.712345833333333,336889.1995281236,10690691.0,0.04,0.01,
data/CI.SRT/CI.SRT..HHZ__20190704T000000Z__20190705T000000Z.mseed,11661312,CI.SRT..HHZ,100.0,1,8640000,0,3951,282.6469202546296,156410.9152885932,11555230.0,0.06,0.01,
data/CI.SRT/CI.SRT..HHZ__20190705T000000Z__20190706T000000Z.mseed,13148160,CI.SRT..HHZ,100.0,1,8640000,0,5272,260.1364159722222,50777.90063168578,8629194.0,0.04,0.01,
data/CI.SRT/CI.SRT..HHZ__20190706T000000Z__20190707T000000Z.mseed,17584128,CI.SRT..HHZ,100.0,1,8640000,0,3283,210.88088958333333,214453.35248875624,12426421.0,0.05,0.01,
data/CI.TEH/CI.TEH..HHE__20190704T000000Z__20190705T000000Z.mseed,10756096,CI.TEH..HHE,100.0,1,8640000,0,1468,1119.306035763889,41493.920796092134,6988820.0,0.05,0.01,
data/CI.TEH/CI.TEH..HHE__20190705T000000Z__20190706T000000Z.mseed,10518528,CI.TEH..HHE,100.0,1,8640000,0,1024,1028.1345207175925,6508.863712604552,1636386.0,0.05,0.01,
data/CI.TEH/CI.TEH..HHE__20190706T000000Z__20190707T000000Z.mseed,13975552,CI.TEH..HHE,100.0,1,8640000,0,1283,1069.8220400462963,113855.44580632714,10356676.0,0.04,0.01,
data/CI.TEH/CI.TEH..HHN__20190704T000000Z__20190705T000000Z.mseed,10498048,CI.TEH..HHN,100.0,1,8640000,0,1831,808.8708603009259,55274.6362586836,10358845.0,0.06,0.01,
data/CI.TEH/CI.TEH..HHN__20190705T000000Z__20190706T000000Z.mseed,10215424,CI.TEH..HHN,100.0,1,8640000,0,1584,766.7638295138889,6212.251225157182,1846644.0,0.06,0.01,
data/CI.TEH/CI.TEH..HHN__20190706T000000Z__20190707T000000Z.mseed,13312000,CI.TEH..HHN,100.0,1,8640000,0,1813,806.7320123842593,127708.19740756415,10372856.0,0.04,0.01,
data/CI.TEH/CI.TEH..HHZ__20190704T000000Z__20190705T000000Z.mseed,10072064,CI.TEH..HHZ,100.0,1,8640000,0,108,1626.7933888888888,31819.926020166648,4976411.0,0.07,0.01,
data/CI.TEH/CI.TEH..HHZ__20190705T000000Z__20190706T000000Z.mseed,9854976,CI.TEH..HHZ,100.0,1,8640000,0,25,1663.7502868055556,4383.497015732335,893221.0,0.06,0.01,
data/CI.TEH/CI.TEH..HHZ__20190706T000000Z__20190707T000000Z.mseed,12754944,CI.TEH..HHZ,100.0,1,8640000,0,186,1557.5524435185184,82902.88121737176,10327239.0,0.05,0.01,
data/CI.TOW2/CI.TOW2..HHE__20190704T000000Z__20190705T000000Z.mseed,12914688,CI.TOW2..HHE,100.0,1,8640000,0,7381,-806.7122506944445,232231.73133356217,12594792.0,0.05,0.01,
data/CI.TOW2/CI.TOW2..HHE__20190705T000000Z__20190706T000000Z.mseed,15302656,CI.TOW2..HHE,100.0,1,8640000,0,6743,81.68458969907407,107698.97067038297,9919005.0,0.04,0.01,
data/CI.TOW2/CI.TOW2..HHE__20190706T000000Z__20190707T000000Z.mseed,19120128,CI.TOW2..HHE,100.0,1,8640000,0,2371,-5331.462838310185,390708.5352602848,13506647.0,0.03,0.01,
data/CI.TOW2/CI.TOW2..HHN__20190704T000000Z__20190705T000000Z.mseed,12902400,CI.TOW2..HHN,100.0,1,8640000,0,8883,-386.84813923611114,216267.85721941027,11159040.0,0.05,0.01,
data/CI.TOW2/CI.TOW2..HHN__20190705T000000Z__20190706T000000Z.mseed,14548992,CI.TOW2..HHN,100.0,1,8640000,0,7974,-172.92445613425926,113303.5387046709,10006123.0,0.04,0.01,
data/CI.TOW2/CI.TOW2..HHN__20190706T000000Z__20190707T000000Z.mseed,18870272,CI.TOW2..HHN,100.0,1,8640000,0,2685,-6388.827939236111,355051.98601220315,14427974.0,0.05,0.01,
data/CI.TOW2/CI.TOW2..HHZ__20190704T000000Z__20190705T000000Z.mseed,13094912,CI.TOW2..HHZ,100.0,1,8640000,0,10175,-158.1684519675926,144776.00421876198,10959722.0,0.05,0.01,
data/CI.TOW2/CI.TOW2..HHZ__20190705T000000Z__20190706T000000Z.mseed,13955072,CI.TOW2..HHZ,100.0,1,8640000,0,7955,-192.64510972222223,66928.7136593451,8022931.0,0.04,0.01,
data/CI.TOW2/CI.TOW2..HHZ__20190706T000000Z__20190707T000000Z.mseed,18583552,CI.TOW2..HHZ,100.0,1,8640000,0,2592,-101.25835289351852,263699.4162634946,14020344.0,0.04,0.01,
data/CI.WAS2/CI.WAS2..HHE__20190704T000000Z__20190705T000000Z.mseed,11268096,CI.WAS2..HHE,100.0,1,8640000,0,4964,-213.50518368055555,42507.629210145504,6763837.0,0.05,0.01,
data/CI.WAS2/CI.WAS2..HHE__20190705T000000Z__20190706T000000Z.mseed,11018240,CI.WAS2..HHE,100.0,1,8640000,0,4131,-312.89807627314815,5602.021493406966,1262982.0,0.06,0.01,
data/CI.WAS2/CI.WAS2..HHE__20190706T000000Z__20190707T000000Z.mseed,14827520,CI.WAS2..HHE,100.0,1,8640000,0,4074,-324.88350590277776,102656.36315061436,10547641.0,0.05,0.01,
data/CI.WAS2/CI.WAS2..HHN__20190704T000000Z__20190705T000000Z.mseed,12709888,CI.WAS2..HHN,100.0,1,8640000,0,7343,-114.83455335648148,62245.47444551103,9148668.0,0.04,0.01,
data/CI.WAS2/CI.WAS2..HHN__20190705T000000Z__20190706T000000Z.mseed,12165120,CI.WAS2..HHN,100.0,1,8640000,0,5592,-259.8593011574074,5953.457158002266,1669503.0,0.04,0.01,
data/CI.WAS2/CI.WAS2..HHN__20190706T000000Z__20190707T000000Z.mseed,15618048,CI.WAS2..HHN,100.0,1,8640000,0,4960,-286.7478189814815,102116.76422701345,10426586.0,0.03,0.01,
data/CI.WAS2/CI.WAS2..HHZ__20190704T000000Z__20190705T000000Z.mseed,11862016,CI.WAS2..HHZ,100.0,1,8640000,0,482,420.44943993055557,51699.65231587207,6699716.0,0.04,0.01,
data/CI.WAS2/CI.WAS2..HHZ__20190705T000000Z__20190706T000000Z.mseed,11333632,CI.WAS2..HHZ,100.0,1,8640000,0,336,558.9551134259259,4328.532717035211,1085113.0,0.04,0.01,
data/CI.WAS2/CI.WAS2..HHZ__20190706T000000Z__20190707T000000Z.mseed,15011840,CI.WAS2..HHZ,100.0,1,8640000,0,1289,531.0310541666666,77214.7364010199,9496382.0,0.04,0.01,
data/CI.WBM/CI.WBM..HHE__20190704T000000Z__20190705T000000Z.mseed,10129408,CI.WBM..HHE,100.0,1,8640000,0,57,1792.5518012731482,78287.4260922912,9719081.0,0.05,0.01,
data/CI.WBM/CI.WBM..HHE__20190705T000000Z__20190706T000000Z.mseed,9957376,CI.WBM..HHE,100.0,1,8640000,0,29,1812.792048611111,13457.827606175317,5041402.0,0.07,0.01,
data/CI.WBM/CI.WBM..HHE__20190706T000000Z__20190707T000000Z.mseed,12759040,CI.WBM..HHE,100.0,1,8640000,0,169,1859.1891556712962,128689.85362964765,10232850.0,0.05,0.01,
data/CI.WBM/CI.WBM..HHN__20190704T000000Z__20190705T000000Z.mseed,10178560,CI.WBM..HHN,100.0,1,8640000,0,172,820.6519137731482,104020.3667251353,10701253.0,0.05,0.01,
data/CI.WBM/CI.WBM..HHN__20190705T000000Z__20190706T000000Z.mseed,9977856,CI.WBM..HHN,100.0,1,8640000,0,89,1058.422766087963,56338.17990961517,10121833.0,0.07,0.01,
data/CI.WBM/CI.WBM..HHN__20190706T000000Z__20190707T000000Z.mseed,12795904,CI.WBM..HHN,100.0,1,8640000,0,391,1125.5156226851852,136900.41561535996,10319424.0,0.05,0.01,
data/CI.WBM/CI.WBM..HHZ__20190704T000000Z__20190705T000000Z.mseed,12898304,CI.WBM..HHZ,100.0,1,8640000,0,100,1126.6234091435185,63590.39341021523,10387545.0,0.04,0.01,
data/CI.WBM/CI.WBM..HHZ__20190705T000000Z__20190706T000000Z.mseed,11018240,CI.WBM..HHZ,100.0,1,8640000,0,59,1288.933890277778,8617.987077294214,2426018.0,0.04,0.01,
data/CI.WBM/CI.WBM..HHZ__20190706T000000Z__20190707T000000Z.mseed,14639104,CI.WBM..HHZ,100.0,1,8640000,0,290,1169.104174074074,97831.62158933812,10965584.0,0.04,0.01,
data/CI.WBS/CI.WBS..HHE__20190704T000000Z__20190705T000000Z.mseed,18243584,CI.WBS..HHE,100.0,1,8640000,0,6386,22.859191550925924,81899.94120405092,8528735.0,0.03,0.01,
data/CI.WBS/CI.WBS..HHE__20190705T000000Z__20190706T000000Z.mseed,15843328,CI.WBS..HHE,100.0,1,8640000,0,5826,-287.470365162037,18030.949492439355,6620574.0,0.04,0.01,
data/CI.WBS/CI.WBS..HHE__20190706T000000Z__20190707T000000Z.mseed,17629184,CI.WBS..HHE,100.0,1,8640000,0,4754,-259.1828230324074,127240.10762846385,8596113.0,0.03,0.01,
data/CI.WBS/CI.WBS..HHN__20190704T000000Z__20190705T000000Z.mseed,18530304,CI.WBS..HHN,100.0,1,8640000,0,3495,-129.21373622685186,89674.22085360762,8648790.0,0.03,0.01,
data/CI.WBS/CI.WBS..HHN__20190705T000000Z__20190706T000000Z.mseed,17301504,CI.WBS..HHN,100.0,1,8640000,0,3690,-210.90973761574074,19251.87445584392,7480216.0,0.03,0.01,
data/CI.WBS/CI.WBS..HHN__20190706T000000Z__20190707T000000Z.mseed,18358272,CI.WBS..HHN,100.0,1,8640000,0,2790,515.998903125,145178.76749682563,8845602.0,0.03,0.01,
data/CI.WBS/CI.WBS..HHZ__20190704T000000Z__20190705T000000Z.mseed,17162240,CI.WBS..HHZ,100.0,1,8640000,0,14829,-93.25719548611112,49975.70884268873,7681023.0,0.03,0.01,
data/CI.WBS/CI.WBS..HHZ__20190705T000000Z__20190706T000000Z.mseed,14151680,CI.WBS..HHZ,100.0,1,8640000,0,16913,-94.24189201388889,11986.864919861846,5094607.0,0.04,0.01,
data/CI.WBS/CI.WBS..HHZ__20190706T000000Z__20190707T000000Z.mseed,16523264,CI.WBS..HHZ,100.0,1,8640000,0,6173,-99.32886238425925,105855.26592221655,8772403.0,0.04,0.01,
data/CI.WCS2/CI.WCS2..HHE__20190704T000000Z__20190705T000000Z.mseed,17178624,CI.WCS2..HHE,100.0,1,8640000,0,1434,808.8657986111111,85136.01317470794,9589496.0,0.03,0.01,
data/CI.WCS2/CI.WCS2..HHE__20190705T000000Z__20190706T000000Z.mseed,17350656,CI.WCS2..HHE,100.0,1,8640000,0,1502,729.0175185185185,16781.327172357578,6762096.0,0.03,0.01,
data/CI.WCS2/CI.WCS2..HHE__20190706T000000Z__20190707T000000Z.mseed,19152896,CI.WCS2..HHE,100.0,6,8639890,0,1428,1069.6401540991842,186869.62317481815,12386399.0,0.03,0.01,
data/CI.WCS2/CI.WCS2..HHN__20190704T000000Z__20190705T000000Z.mseed,16400384,CI.WCS2..HHN,100.0,1,8640000,0,3794,368.1222305555556,91517.05252787263,10620822.0,0.03,0.01,
data/CI.WCS2/CI.WCS2..HHN__20190705T000000Z__20190706T000000Z.mseed,16793600,CI.WCS2..HHN,100.0,1,8640000,0,4517,413.88638043981484,13800.486271626763,4835916.0,0.03,0.01,
data/CI.WCS2/CI.WCS2..HHN__20190706T000000Z__20190707T000000Z.mseed,19116032,CI.WCS2..HHN,100.0,8,8639848,0,2398,472.1629630521278,180058.7301324547,12269300.0,0.03,0.01,
data/CI.WCS2/CI.WCS2..HHZ__20190704T000000Z__20190705T000000Z.mseed,13275136,CI.WCS2..HHZ,100.0,1,8640000,0,14153,7.364563541666667,47456.2185359223,9341019.0,0.04,0.01,
data/CI.WCS2/CI.WCS2..HHZ__20190705T000000Z__20190706T000000Z.mseed,14028800,CI.WCS2..HHZ,100.0,1,8640000,0,14761,-27.85700891203704,8199.14612344616,2860323.0,0.04,0.01,
data/CI.WCS2/CI.WCS2..HHZ__20190706T000000Z__20190707T000000Z.mseed,18313216,CI.WCS2..HHZ,100.0,6,8639894,0,6088,-130.33050995764532,137729.44323265107,11412339.0,0.03,0.01,
data/CI.WHF/CI.WHF..HHE__20190704T000000Z__20190705T000000Z.mseed,10678272,CI.WHF..HHE,100.0,1,8640000,0,12890,100.6969863425926,66679.08167152859,10387402.0,0.06,0.01,
data/CI.WHF/CI.WHF..HHE__20190705T000000Z__20190706T000000Z.mseed,10686464,CI.WHF..HHE,100.0,1,8640000,0,16502,65.03642951388889,9124.055917869444,1950148.0,0.07,0.01,
data/CI.WHF/CI.WHF..HHE__20190706T000000Z__20190707T000000Z.mseed,15343616,CI.WHF..HHE,100.0,1,8640000,0,5359,-4172803.615455787,4088052.8198925145,11406815.0,0.05,0.01,
data/CI.WHF/CI.WHF..HHN__20190704T000000Z__20190705T000000Z.mseed,10956800,CI.WHF..HHN,100.0,1,8640000,0,427,-535.4325460648148,70975.64452514348,10602892.0,0.06,0.01,
data/CI.WHF/CI.WHF..HHN__20190705T000000Z__20190706T000000Z.mseed,10842112,CI.WHF..HHN,100.0,1,8640000,0,461,-572.4227137731482,10540.009229094774,2486623.0,0.06,0.01,
data/CI.WHF/CI.WHF..HHN__20190706T000000Z__20190707T000000Z.mseed,15794176,CI.WHF..HHN,100.0,1,8640000,0,1861,-2369636.4284313656,2324598.2898788406,11835552.0,0.05,0.01,
data/CI.WHF/CI.WHF..HHZ__20190704T000000Z__20190705T000000Z.mseed,10788864,CI.WHF..HHZ,100.0,1,8640000,0,7384,-164.59122256944445,63877.3683806763,9497873.0,0.07,0.01,
data/CI.WHF/CI.WHF..HHZ__20190705T000000Z__20190706T000000Z.mseed,10719232,CI.WHF..HHZ,100.0,1,8640000,0,6682,-177.293234375,6059.900365474928,1263490.0,0.05,0.01,
data/CI.WHF/CI.WHF..HHZ__20190706T000000Z__20190707T000000Z.mseed,15630336,CI.WHF..HHZ,100.0,1,8640000,0,934,-3619331.4137003473,3545798.958629813,10848299.0,0.05,0.01,
data/CI.WMF/CI.WMF..HHE__20190704T000000Z__20190705T000000Z.mseed,10350592,CI.WMF..HHE,100.0,1,8640000,0,1102,959.4034269675926,68955.8293112666,7602857.0,0.07,0.01,
data/CI.WMF/CI.WMF..HHE__20190705T000000Z__20190706T000000Z.mseed,10219520,CI.WMF..HHE,100.0,1,8640000,0,2271,948.3671028935186,12421.613706002148,3908935.0,0.06,0.01,
data/CI.WMF/CI.WMF..HHE__20190706T000000Z__20190707T000000Z.mseed,17072128,CI.WMF..HHE,100.0,1,8640000,0,2171,837.3012990740741,146570.09390121576,8371420.0,0.06,0.01,
data/CI.WMF/CI.WMF..HHN__20190704T000000Z__20190705T000000Z.mseed,10326016,CI.WMF..HHN,100.0,1,8640000,0,11992,92.44562291666666,60585.84758779192,7652536.0,0.05,0.01,
data/CI.WMF/CI.WMF..HHN__20190705T000000Z__20190706T000000Z.mseed,10121216,CI.WMF..HHN,100.0,1,8640000,0,7406,152.3211494212963,12647.824169615946,3397121.0,0.05,0.01,
data/CI.WMF/CI.WMF..HHN__20190706T000000Z__20190707T000000Z.mseed,15757312,CI.WMF..HHN,100.0,1,8640000,0,4550,336.36801747685183,131208.74846659522,8205346.0,0.04,0.01,
data/CI.WMF/CI.WMF..HHZ__20190704T000000Z__20190705T000000Z.mseed,10133504,CI.WMF..HHZ,100.0,1,8640000,0,4196,-244.48080613425927,40619.398125057225,6715737.0,0.08,0.01,
data/CI.WMF/CI.WMF..HHZ__20190705T000000Z__20190706T000000Z.mseed,9949184,CI.WMF..HHZ,100.0,1,8640000,0,3992,-254.65012638888888,6160.131681214988,1479722.0,0.06,0.01,
data/CI.WMF/CI.WMF..HHZ__20190706T000000Z__20190707T000000Z.mseed,15429632,CI.WMF..HHZ,100.0,1,8640000,0,5525,-229.17708148148148,95888.50516956321,8304681.0,0.07,0.01,
data/CI.WNM/CI.WNM..EHZ__20190704T000000Z__20190705T000000Z.mseed,10047488,CI.WNM..EHZ,100.0,1,8640000,0,3573,61.72910370370371,2182.746068093674,427400.0,0.08,0.01,
data/CI.WNM/CI.WNM..EHZ__20190705T000000Z__20190706T000000Z.mseed,9900032,CI.WNM..EHZ,100.0,1,8640000,0,3896,61.75499050925926,500.42419703509523,153785.0,0.07,0.01,
data/CI.WNM/CI.WNM..EHZ__20190706T000000Z__20190707T000000Z.mseed,14413824,CI.WNM..EHZ,100.0,1,8640000,0,16062,61.24949386574074,5894.311990802486,1333368.0,0.06,0.01,
data/CI.WOR/CI.WOR..HHE__20190704T000000Z__20190705T000000Z.mseed,12775424,CI.WOR..HHE,100.0,1,8640000,0,6271,374.0537414351852,57348.45099297052,8172619.0,0.05,0.01,
data/CI.WOR/CI.WOR..HHE__20190705T000000Z__20190706T000000Z.mseed,13754368,CI.WOR..HHE,100.0,1,8640000,0,6334,220.69862361111112,5577.298345892186,1539108.0,0.04,0.01,
data/CI.WOR/CI.WOR..HHE__20190706T000000Z__20190707T000000Z.mseed,18026496,CI.WOR..HHE,100.0,1,8640000,0,5512,606.0746831018519,98824.30587005358,8507990.0,0.04,0.01,
data/CI.WOR/CI.WOR..HHN__20190704T000000Z__20190705T000000Z.mseed,12677120,CI.WOR..HHN,100.0,1,8640000,0,2154,-765.4663112268519,44051.79660389369,7974368.0,0.05,0.01,
data/CI.WOR/CI.WOR..HHN__20190705T000000Z__20190706T000000Z.mseed,13443072,CI.WOR..HHN,100.0,1,8640000,0,2052,-794.3326188657408,6577.153127754568,1985553.0,0.04,0.01,
data/CI.WOR/CI.WOR..HHN__20190706T000000Z__20190707T000000Z.mseed,17739776,CI.WOR..HHN,100.0,1,8640000,0,1485,-973.308680787037,109912.47777745189,8469287.0,0.03,0.01,
data/CI.WOR/CI.WOR..HHZ__20190704T000000Z__20190705T000000Z.mseed,12931072,CI.WOR..HHZ,100.0,1,8640000,0,4242,218.08981747685186,37349.526501038315,7652261.0,0.04,0.01,
data/CI.WOR/CI.WOR..HHZ__20190705T000000Z__20190706T000000Z.mseed,13705216,CI.WOR..HHZ,100.0,1,8640000,0,5773,210.66341898148147,5574.9810267736875,1314872.0,0.04,0.01,
data/CI.WOR/CI.WOR..HHZ__20190706T000000Z__20190707T000000Z.mseed,17899520,CI.WOR..HHZ,100.0,1,8640000,0,5167,128.50869351851853,92354.827504248,8304753.0,0.03,0.01,
data/CI.WRC2/CI.WRC2..HHE__20190704T000000Z__20190705T000000Z.mseed,11714560,CI.WRC2..HHE,100.0,1,8640000,0,784,-471.05728159722224,129058.40377013198,12238588.0,0.06,0.01,
data/CI.WRC2/CI.WRC2..HHE__20190705T000000Z__20190706T000000Z.mseed,13586432,CI.WRC2..HHE,100.0,1,8640000,0,1752,-488.6573128472222,70957.53880645061,9923658.0,0.04,0.01,
data/CI.WRC2/CI.WRC2..HHE__20190706T000000Z__20190707T000000Z.mseed,18829312,CI.WRC2..HHE,100.0,7,8639876,0,1054,228.67054666062336,264847.50203662383,11892092.0,0.04,0.01,
data/CI.WRC2/CI.WRC2..HHN__20190704T000000Z__20190705T000000Z.mseed,11526144,CI.WRC2..HHN,100.0,1,8640000,0,298,872.2087715277778,104618.56960311435,11230846.0,0.06,0.01,
data/CI.WRC2/CI.WRC2..HHN__20190705T000000Z__20190706T000000Z.mseed,12820480,CI.WRC2..HHN,100.0,1,8640000,0,432,827.1432439814815,38756.14637102483,9988874.0,0.04,0.01,
data/CI.WRC2/CI.WRC2..HHN__20190706T000000Z__20190707T000000Z.mseed,18444288,CI.WRC2..HHN,100.0,5,8639924,0,1017,707.1546054108809,241963.54042350623,12697831.0,0.05,0.01,
data/CI.WRC2/CI.WRC2..HHZ__20190704T000000Z__20190705T000000Z.mseed,11534336,CI.WRC2..HHZ,100.0,1,8640000,0,495,651.2103569444445,91342.23496654561,10830766.0,0.07,0.01,
data/CI.WRC2/CI.WRC2..HHZ__20190705T000000Z__20190706T000000Z.mseed,12947456,CI.WRC2..HHZ,100.0,1,8640000,0,669,630.7919028935186,26438.378144521503,7246370.0,0.04,0.01,
data/CI.WRC2/CI.WRC2..HHZ__20190706T000000Z__20190707T000000Z.mseed,18423808,CI.WRC2..HHZ,100.0,9,8637115,0,1236,601.8333369417913,173643.43180278363,12516603.0,0.05,0.01,
data/CI.WRV2/CI.WRV2..EHZ__20190704T000000Z__20190705T000000Z.mseed,9601024,CI.WRV2..EHZ,100.0,1,8640000,0,470,160.88356122685184,2383.513765649711,699681.0,0.1,0.01,
data/CI.WRV2/CI.WRV2..EHZ__20190705T000000Z__20190706T000000Z.mseed,9502720,CI.WRV2..EHZ,100.0,1,8640000,0,300,163.43198726851853,545.3204607685587,183227.0,0.09,0.01,
data/CI.WRV2/CI.WRV2..EHZ__20190706T000000Z__20190707T000000Z.mseed,12144640,CI.WRV2..EHZ,100.0,1,8640000,0,3318,171.8530119212963,7185.2815873855425,1444249.0,0.09,0.01,
data/CI.WVP2/CI.WVP2..EHZ__20190704T000000Z__20190705T000000Z.mseed,9748480,CI.WVP2..EHZ,100.0,1,8640000,0,2562,68.19222777777777,2743.4635192644396,723627.0,0.09,0.01,
data/CI.WVP2/CI.WVP2..EHZ__20190705T000000Z__20190706T000000Z.mseed,9625600,CI.WVP2..EHZ,100.0,1,8640000,0,2489,68.63932476851852,581.6309874103371,162881.0,0.08,0.01,
data/CI.WVP2/CI.WVP2..EHZ__20190706T000000Z__20190707T000000Z.mseed,13320192,CI.WVP2..EHZ,100.0,1,8640000,0,12784,67.71496967592593,9160.690432003756,2035875.0,0.07,0.01,
data/NN.GWY/NN.GWY..HHE__20190704T000000Z__20190705T000000Z.mseed,9822208,NN.GWY..HHE,100.0,1,8640000,0,942,-394.22808680555556,21536.10277932526,3414787.0,0.1,0.01,
data/NN.GWY/NN.GWY..HHE__20190705T000000Z__20190706T000000Z.mseed,9658368,NN.GWY..HHE,100.0,1,8640000,0,1208,-435.56876180555554,4682.184309733507,828251.0,0.09,0.01,
data/NN.GWY/NN.GWY..HHE__20190706T000000Z__20190707T000000Z.mseed,11554816,NN.GWY..HHE,100.0,1,8640000,0,1580,-453.2564804398148,75759.68970159156,8696640.0,0.11,0.01,
data/NN.GWY/NN.GWY..HHN__20190704T000000Z__20190705T000000Z.mseed,9797632,NN.GWY..HHN,100.0,1,8640000,0,1744,-547.2802400462963,24558.04504831372,4740076.0,0.11,0.01,
data/NN.GWY/NN.GWY..HHN__20190705T000000Z__20190706T000000Z.mseed,9641984,NN.GWY..HHN,100.0,1,8640000,0,1381,-551.0857109953704,4226.711385778485,1048728.0,0.1,0.01,
data/NN.GWY/NN.GWY..HHN__20190706T000000Z__20190707T000000Z.mseed,11452416,NN.GWY..HHN,100.0,1,8640000,0,1620,-531.7973028935185,97882.40415489707,8729872.0,0.13,0.01,
data/NN.GWY/NN.GWY..HHZ__20190704T000000Z__20190705T000000Z.mseed,9764864,NN.GWY..HHZ,100.0,1,8640000,0,193,-5396.604228240741,26137.006146928965,1646358.0,0.14,0.01,
data/NN.GWY/NN.GWY..HHZ__20190705T000000Z__20190706T000000Z.mseed,9613312,NN.GWY..HHZ,100.0,1,8640000,0,90,-4610.676242592593,18987.951596903382,590591.0,0.1,0.01,
data/NN.GWY/NN.GWY..HHZ__20190706T000000Z__20190707T000000Z.mseed,11300864,NN.GWY..HHZ,100.0,1,8640000,0,74,-3927.787994328704,44956.81936484917,5419619.0,0.11,0.01,
data/NN.QSM/NN.QSM..HHE__20190704T000000Z__20190705T000000Z.mseed,10207232,NN.QSM..HHE,100.0,1,8640000,0,1125,-1364.6894460648148,26596.085912295737,4324096.0,0.09,0.01,
data/NN.QSM/NN.QSM..HHE__20190705T000000Z__20190706T000000Z.mseed,10035200,NN.QSM..HHE,100.0,1,8640000,0,608,-1404.7320391203705,4373.96673710113,821754.0,0.07,0.01,
data/NN.QSM/NN.QSM..HHE__20190706T000000Z__20190707T000000Z.mseed,13352960,NN.QSM..HHE,100.0,1,8640000,0,413,-1436.0707188657407,88728.90332927677,9001241.0,0.07,0.01,
data/NN.QSM/NN.QSM..HHN__20190704T000000Z__20190705T000000Z.mseed,10182656,NN.QSM..HHN,100.0,1,8640000,0,2310,1247.6791493055555,37568.79404911678,7291307.0,0.1,0.01,
data/NN.QSM/NN.QSM..HHN__20190705T000000Z__20190706T000000Z.mseed,10006528,NN.QSM..HHN,100.0,1,8640000,0,955,1556.5193541666667,4311.080015313706,866934.0,0.08,0.01,
data/NN.QSM/NN.QSM..HHN__20190706T000000Z__20190707T000000Z.mseed,13258752,NN.QSM..HHN,100.0,1,8640000,0,481,1485.4328394675927,104916.22921260785,8960398.0,0.06,0.01,
data/NN.QSM/NN.QSM..HHZ__20190704T000000Z__20190705T000000Z.mseed,10293248,NN.QSM..HHZ,100.0,1,8640000,0,45,-2528.0915064814817,24231.204310787543,3718337.0,0.1,0.01,
data/NN.QSM/NN.QSM..HHZ__20190705T000000Z__20190706T000000Z.mseed,10133504,NN.QSM..HHZ,100.0,1,8640000,0,111,1097.6060734953703,10856.337944167673,739314.0,0.07,0.01,
data/NN.QSM/NN.QSM..HHZ__20190706T000000Z__20190707T000000Z.mseed,13709312,NN.QSM..HHZ,100.0,1,8640000,0,285,745.1321003472223,59999.50385109611,9025253.0,0.06,0.01,
data/PB.B916/PB.B916..EH1__20190704T000000Z__20190705T000000Z.mseed,9797632,PB.B916..EH1,100.0,1,8640000,0,113,-499.3002574074074,7816.660440784842,1734944.0,0.09,0.01,
data/PB.B916/PB.B916..EH1__20190705T000000Z__20190706T000000Z.mseed,9654272,PB.B916..EH1,100.0,1,8640000,0,109,-501.9052751157407,2054.00126807404,677659.0,0.08,0.01,
data/PB.B916/PB.B916..EH1__20190706T000000Z__20190707T000000Z.mseed,12406784,PB.B916..EH1,100.0,1,8640000,0,809,-511.6627697916667,23201.87269227146,5305018.0,0.07,0.01,
data/PB.B916/PB.B916..EH2__20190704T000000Z__20190705T000000Z.mseed,9732096,PB.B916..EH2,100.0,1,8640000,0,2,-3998.3717103009258,8062.167207377955,2201759.0,0.1,0.01,
data/PB.B916/PB.B916..EH2__20190705T000000Z__20190706T000000Z.mseed,9596928,PB.B916..EH2,100.0,1,8640000,0,3,-4029.178771875,1876.5600259107232,595924.0,0.09,0.01,
data/PB.B916/PB.B916..EH2__20190706T000000Z__20190707T000000Z.mseed,11948032,PB.B916..EH2,100.0,1,8640000,0,23,-4083.5216510416667,25246.978467029745,7661958.0,0.07,0.01,
data/PB.B916/PB.B916..EHZ__20190704T000000Z__20190705T000000Z.mseed,9740288,PB.B916..EHZ,100.0,1,8640000,0,52318,127.84562175925926,10677.507280828639,2484285.0,0.1,0.01,
data/PB.B916/PB.B916..EHZ__20190705T000000Z__20190706T000000Z.mseed,9605120,PB.B916..EHZ,100.0,1,8640000,0,15970,122.68542418981481,2590.8002278406148,753537.0,0.07,0.01,
data/PB.B916/PB.B916..EHZ__20190706T000000Z__20190707T000000Z.mseed,12038144,PB.B916..EHZ,100.0,1,8640000,0,64444,105.43908726851852,29727.7812799515,5509202.0,0.07,0.01,
data/PB.B917/PB.B917..EH1__20190704T000000Z__20190705T000000Z.mseed,10506240,PB.B917..EH1,100.0,1,8640000,0,435,-231.49944583333334,24609.143604267556,8292529.0,0.09,0.01,
data/PB.B917/PB.B917..EH1__20190705T000000Z__20190706T000000Z.mseed,10334208,PB.B917..EH1,100.0,1,8640000,0,1550,-272.510599537037,3206.3145054570905,1139115.0,0.07,0.01,
data/PB.B917/PB.B917..EH1__20190706T000000Z__20190707T000000Z.mseed,14413824,PB.B917..EH1,100.0,1,8640000,0,5707,-265.1236221064815,54363.3818949593,11297961.0,0.07,0.01,
data/PB.B917/PB.B917..EH2__20190704T000000Z__20190705T000000Z.mseed,10526720,PB.B917..EH2,100.0,1,8640000,0,30596,-209.20568113425927,26729.30579247302,8182255.0,0.09,0.01,
data/PB.B917/PB.B917..EH2__20190705T000000Z__20190706T000000Z.mseed,10358784,PB.B917..EH2,100.0,1,8640000,0,22977,-272.54555555555555,3142.041787250255,1121597.0,0.06,0.01,
data/PB.B917/PB.B917..EH2__20190706T000000Z__20190707T000000Z.mseed,14442496,PB.B917..EH2,100.0,1,8640000,0,5760,-343.14324641203706,54160.03270989755,11460389.0,0.06,0.01,
data/PB.B917/PB.B917..EHZ__20190704T000000Z__20190705T000000Z.mseed,10436608,PB.B917..EHZ,100.0,1,8640000,0,701,-163.06880462962962,18670.663937220786,4242019.0,0.09,0.01,
data/PB.B917/PB.B917..EHZ__20190705T000000Z__20190706T000000Z.mseed,10235904,PB.B917..EHZ,100.0,1,8640000,0,2663,-191.3569707175926,2311.1741770693343,691766.0,0.06,0.01,
data/PB.B917/PB.B917..EHZ__20190706T000000Z__20190707T000000Z.mseed,14139392,PB.B917..EHZ,100.0,1,8640000,0,7156,-197.96029560185184,39681.71968784689,10296835.0,0.06,0.01,
data/PB.B918/PB.B918..EH1__20190704T000000Z__20190705T000000Z.mseed,10444800,PB.B918..EH1,100.0,1,8640000,0,580,-220.66717222222223,23383.164754900412,8332196.0,0.13,0.01,
data/PB.B918/PB.B918..EH1__20190705T000000Z__20190706T000000Z.mseed,10395648,PB.B918..EH1,100.0,1,8640000,0,1665,-230.9259559027778,6376.2173301789435,3205048.0,0.07,0.01,
data/PB.B918/PB.B918..EH1__20190706T000000Z__20190707T000000Z.mseed,15790080,PB.B918..EH1,100.0,1,8640000,0,4066,-241.23919641203705,77412.3694670761,11470648.0,0.06,0.01,
data/PB.B918/PB.B918..EH2__20190704T000000Z__20190705T000000Z.mseed,10387456,PB.B918..EH2,100.0,1,8640000,0,29046,-123.29376006944445,25772.212199873822,8956187.0,0.09,0.01,
data/PB.B918/PB.B918..EH2__20190705T000000Z__20190706T000000Z.mseed,10317824,PB.B918..EH2,100.0,1,8640000,0,31793,-136.8102616898148,8314.643883090961,3276869.0,0.06,0.01,
data/PB.B918/PB.B918..EH2__20190706T000000Z__20190707T000000Z.mseed,15736832,PB.B918..EH2,100.0,1,8640000,0,5895,-167.05297569444446,73493.25908042515,11297918.0,0.06,0.01,
data/PB.B918/PB.B918..EHZ__20190704T000000Z__20190705T000000Z.mseed,10407936,PB.B918..EHZ,100.0,1,8640000,0,345,-334.26284097222225,18941.63282943482,6631511.0,0.09,0.01,
data/PB.B918/PB.B918..EHZ__20190705T000000Z__20190706T000000Z.mseed,10338304,PB.B918..EHZ,100.0,1,8640000,0,521,-345.6424078703704,7135.2067232006475,2495025.0,0.06,0.01,
data/PB.B918/PB.B918..EHZ__20190706T000000Z__20190707T000000Z.mseed,15728640,PB.B918..EHZ,100.0,1,8640000,0,2608,-369.90346400462965,57648.2348688925,11114121.0,0.05,0.01,
data/PB.B921/PB.B921..EH1__20190704T000000Z__20190705T000000Z.mseed,11386880,PB.B921..EH1,100.0,1,8640000,0,14636,-12.459949189814814,72846.79861883243,11399915.0,0.1,0.01,
data/PB.B921/PB.B921..EH1__20190705T000000Z__20190706T000000Z.mseed,12050432,PB.B921..EH1,100.0,1,8640000,0,16172,-20.626963425925926,7942.453391122902,3078364.0,0.05,0.01,
data/PB.B921/PB.B921..EH1__20190706T000000Z__20190707T000000Z.mseed,16879616,PB.B921..EH1,100.0,1,8640000,0,6810,-79.297628125,95878.90562813637,13706375.0,0.05,0.01,
data/PB.B921/PB.B921..EH2__20190704T000000Z__20190705T000000Z.mseed,11309056,PB.B921..EH2,100.0,1,8640000,0,870,-166.89880578703705,74630.32088408098,11651438.0,0.1,0.01,
data/PB.B921/PB.B921..EH2__20190705T000000Z__20190706T000000Z.mseed,11829248,PB.B921..EH2,100.0,1,8640000,0,9979,-198.55031921296296,9594.724362007039,3017252.0,0.05,0.01,
data/PB.B921/PB.B921..EH2__20190706T000000Z__20190707T000000Z.mseed,16723968,PB.B921..EH2,100.0,1,8640000,0,4774,-231.25875775462964,95615.94218025857,13597089.0,0.05,0.01,
data/PB.B921/PB.B921..EHZ__20190704T000000Z__20190705T000000Z.mseed,11411456,PB.B921..EHZ,100.0,1,8640000,0,37377,-12.499322685185184,55472.1251522695,10721247.0,0.09,0.01,
data/PB.B921/PB.B921..EHZ__20190705T000000Z__20190706T000000Z.mseed,12140544,PB.B921..EHZ,100.0,1,8640000,0,39113,-17.437263657407406,6694.919336474542,2855256.0,0.05,0.01,
data/PB.B921/PB.B921..EHZ__20190706T000000Z__20190707T000000Z.mseed,16961536,PB.B921..EHZ,100.0,1,8640000,0,9175,-18.629277777777776,92739.89631749218,13914240.0,0.05,0.01,
