seed_id,coverage_percent,missing_seconds,overlap_seconds
CI.APL..HNE,100.0,0.0,0
CI.APL..HNN,100.0,0.0,0
CI.APL..HNZ,100.0,0.0,0
CI.CCA..HHE,100.0,0.0,0
CI.CCA..HHN,100.0,0.0,0
CI.CCA..HHZ,100.0,0.0,0
CI.CCC..HHE,100.0,0.0,0
CI.CCC..HHN,100.0,0.0,0
CI.CCC..HHZ,100.0,0.0,0
CI.CGO..HHE,100.0,0.0,0
CI.CGO..HHN,100.0,0.0,0
CI.CGO..HHZ,100.0,0.0,0
CI.CLC..HHE,100.0,0.0,0
CI.CLC..HHN,100.0,0.0,0
CI.CLC..HHZ,100.0,0.0,0
CI.CWC..HHE,100.0,0.0,0
CI.CWC..HHN,100.0,0.0,0
CI.CWC..HHZ,100.0,0.0,0
CI.DAW..HHE,100.0,0.0,0
CI.DAW..HHN,100.0,0.0,0
CI.DAW..HHZ,100.0,0.0,0
CI.DTP..HHE,100.0,0.0,0
CI.DTP..HHN,100.0,0.0,0
CI.DTP..HHZ,100.0,0.0,0
CI.EDW2..HHE,100.0,0.0,0
CI.EDW2..HHN,100.0,0.0,0
CI.EDW2..HHZ,100.0,0.0,0
CI.FUR..HHE,100.0,0.0,0
CI.FUR..HHN,100.0,0.0,0
CI.FUR..HHZ,100.0,0.0,0
CI.GSC..HHE,100.0,0.0,0
CI.GSC..HHN,100.0,0.0,0
CI.GSC..HHZ,100.0,0.0,0
CI.HAR..HHE,100.0,0.0,0
CI.HAR..HHN,100.0,0.0,0
CI.HAR..HHZ,100.0,0.0,0
CI.HYS..HHE,100.0,0.0,0
CI.HYS..HHN,100.0,0.0,0
CI.HYS..HHZ,100.0,0.0,0
CI.ISA..HHE,100.0,0.0,0
CI.ISA..HHN,100.0,0.0,0
CI.ISA..HHZ,100.0,0.0,0
CI.JRC2..HHE,99.99999988419407,0.0003001689910888672,0.0003001689910888672
CI.JRC2..HHN,99.99999988419407,0.0003001689910888672,0.0003001689910888672
CI.JRC2..HHZ,99.99999988419407,0.0003001689910888672,0.0003001689910888672
CI.LDR..HHE,100.0,0.0,0
CI.LDR..HHN,100.0,0.0,0
CI.LDR..HHZ,100.0,0.0,0
CI.LMR2..HHE,100.0,0.0,0
CI.LMR2..HHN,100.0,0.0,0
CI.LMR2..HHZ,100.0,0.0,0
CI.LRL..HHE,100.0,0.0,0
CI.LRL..HHN,100.0,0.0,0
CI.LRL..HHZ,100.0,0.0,0
CI.MPM..HHE,100.0,0.0,0
CI.MPM..HHN,100.0,0.0,0
CI.MPM..HHZ,99.99998842592592,0.029999999998835847,0
CI.SLA..HHE,100.0,0.0,0
CI.SLA..HHN,100.0,0.0,0
CI.SLA..HHZ,100.0,0.0,0
CI.SPG2..HHE,100.0,0.0,0
CI.SPG2..HHN,100.0,0.0,0
CI.SPG2..HHZ,100.0,0.0,0
CI.SRT..HHE,100.0,0.0,0
CI.SRT..HHN,100.0,0.0,0
CI.SRT..HHZ,100.0,0.0,0
CI.TEH..HHE,100.0,0.0,0
CI.TEH..HHN,100.0,0.0,0
CI.TEH..HHZ,100.0,0.0,0
CI.TOW2..HHE,100.0,0.0,0
CI.TOW2..HHN,100.0,0.0,0
CI.TOW2..HHZ,100.0,0.0,0
CI.WAS2..HHE,100.0,0.0,0
CI.WAS2..HHN,100.0,0.0,0
CI.WAS2..HHZ,100.0,0.0,0
CI.WBM..HHE,100.0,0.0,0
CI.WBM..HHN,100.0,0.0,0
CI.WBM..HHZ,100.0,0.0,0
CI.WBS..HHE,100.0,0.0,0
CI.WBS..HHN,100.0,0.0,0
CI.WBS..HHZ,100.0,0.0,0
CI.WCS2..HHE,99.99957561728395,1.1000000000058208,0
CI.WCS2..HHN,99.99941358024691,1.5200000000186265,0
CI.WCS2..HHZ,99.9995910493827,1.0600000000267755,0
CI.WHF..HHE,100.0,0.0,0
CI.WHF..HHN,100.0,0.0,0
CI.WHF..HHZ,100.0,0.0,0
CI.WMF..HHE,100.0,0.0,0
CI.WMF..HHN,100.0,0.0,0
CI.WMF..HHZ,100.0,0.0,0
CI.WNM..EHZ,100.0,0.0,0
CI.WOR..HHE,100.0,0.0,0
CI.WOR..HHN,100.0,0.0,0
CI.WOR..HHZ,100.0,0.0,0
CI.WRC2..HHE,99.99952160493828,1.239999999961583,0
CI.WRC2..HHN,99.99970679012345,0.7600000000093132,0
CI.WRC2..HHZ,99.98886959876542,28.850000000034925,0
CI.WRV2..EHZ,100.0,0.0,0
CI.WVP2..EHZ,100.0,0.0,0
NN.GWY..HHE,100.0,0.0,0
NN.GWY..HHN,100.0,0.0,0
NN.GWY..HHZ,100.0,0.0,0
NN.QSM..HHE,100.0,0.0,0
NN.QSM..HHN,100.0,0.0,0
NN.QSM..HHZ,100.0,0.0,0
PB.B916..EH1,100.0,0.0,0
PB.B916..EH2,100.0,0.0,0
PB.B916..EHZ,100.0,0.0,0
PB.B917..EH1,100.0,0.0,0
PB.B917..EH2,100.0,0.0,0
PB.B917..EHZ,100.0,0.0,0
PB.B918..EH1,100.0,0.0,0
PB.B918..EH2,100.0,0.0,0
PB.B918..EHZ,100.0,0.0,0
PB.B921..EH1,100.0,0.0,0
PB.B921..EH2,100.0,0.0,0
PB.B921..EHZ,100.0,0.0,0
