seed_id,start_utc,end_utc,seconds
CI.CCA..HHE,2019-07-04T00:00:00.000000Z,2019-07-04T00:00:00.008300Z,0.008300065994262695
CI.CCA..HHN,2019-07-04T00:00:00.000000Z,2019-07-04T00:00:00.008300Z,0.008300065994262695
CI.CCA..HHZ,2019-07-04T00:00:00.000000Z,2019-07-04T00:00:00.008300Z,0.008300065994262695
CI.CCC..HHE,2019-07-04T00:00:00.000000Z,2019-07-04T00:00:00.008300Z,0.008300065994262695
CI.CCC..HHN,2019-07-04T00:00:00.000000Z,2019-07-04T00:00:00.008300Z,0.008300065994262695
CI.CCC..HHZ,2019-07-04T00:00:00.000000Z,2019-07-04T00:00:00.008300Z,0.008300065994262695
CI.CGO..HHE,2019-07-04T00:00:00.000000Z,2019-07-04T00:00:00.008300Z,0.008300065994262695
CI.CGO..HHN,2019-07-04T00:00:00.000000Z,2019-07-04T00:00:00.008300Z,0.008300065994262695
CI.CGO..HHZ,2019-07-04T00:00:00.000000Z,2019-07-04T00:00:00.008300Z,0.008300065994262695
CI.CLC..HHE,2019-07-04T00:00:00.000000Z,2019-07-04T00:00:00.008300Z,0.008300065994262695
CI.CLC..HHN,2019-07-04T00:00:00.000000Z,2019-07-04T00:00:00.008300Z,0.008300065994262695
CI.CLC..HHZ,2019-07-04T00:00:00.000000Z,2019-07-04T00:00:00.008300Z,0.008300065994262695
CI.CWC..HHE,2019-07-04T00:00:00.000000Z,2019-07-04T00:00:00.008300Z,0.008300065994262695
CI.CWC..HHN,2019-07-04T00:00:00.000000Z,2019-07-04T00:00:00.008300Z,0.008300065994262695
CI.CWC..HHZ,2019-07-04T00:00:00.000000Z,2019-07-04T00:00:00.008300Z,0.008300065994262695
CI.DAW..HHE,2019-07-04T00:00:00.000000Z,2019-07-04T00:00:00.003100Z,0.0030999183654785156
CI.DAW..HHN,2019-07-04T00:00:00.000000Z,2019-07-04T00:00:00.003100Z,0.0030999183654785156
CI.DAW..HHZ,2019-07-04T00:00:00.000000Z,2019-07-04T00:00:00.003100Z,0.0030999183654785156
CI.DTP..HHE,2019-07-04T00:00:00.000000Z,2019-07-04T00:00:00.008300Z,0.008300065994262695
CI.DTP..HHN,2019-07-04T00:00:00.000000Z,2019-07-04T00:00:00.008300Z,0.008300065994262695
CI.DTP..HHZ,2019-07-04T00:00:00.000000Z,2019-07-04T00:00:00.008300Z,0.008300065994262695
CI.EDW2..HHE,2019-07-04T00:00:00.000000Z,2019-07-04T00:00:00.008300Z,0.008300065994262695
CI.EDW2..HHN,2019-07-04T00:00:00.000000Z,2019-07-04T00:00:00.008300Z,0.008300065994262695
CI.EDW2..HHZ,2019-07-04T00:00:00.000000Z,2019-07-04T00:00:00.008300Z,0.008300065994262695
CI.FUR..HHE,2019-07-04T00:00:00.000000Z,2019-07-04T00:00:00.008300Z,0.008300065994262695
CI.FUR..HHN,2019-07-04T00:00:00.000000Z,2019-07-04T00:00:00.008300Z,0.008300065994262695
CI.FUR..HHZ,2019-07-04T00:00:00.000000Z,2019-07-04T00:00:00.008300Z,0.008300065994262695
CI.GSC..HHE,2019-07-04T00:00:00.000000Z,2019-07-04T00:00:00.008300Z,0.008300065994262695
CI.GSC..HHN,2019-07-04T00:00:00.000000Z,2019-07-04T00:00:00.008300Z,0.008300065994262695
CI.GSC..HHZ,2019-07-04T00:00:00.000000Z,2019-07-04T00:00:00.008300Z,0.008300065994262695
CI.HAR..HHE,2019-07-04T00:00:00.000000Z,2019-07-04T00:00:00.008300Z,0.008300065994262695
CI.HAR..HHN,2019-07-04T00:00:00.000000Z,2019-07-04T00:00:00.008300Z,0.008300065994262695
CI.HAR..HHZ,2019-07-04T00:00:00.000000Z,2019-07-04T00:00:00.008300Z,0.008300065994262695
CI.HYS..HHE,2019-07-04T00:00:00.000000Z,2019-07-04T00:00:00.008300Z,0.008300065994262695
CI.HYS..HHN,2019-07-04T00:00:00.000000Z,2019-07-04T00:00:00.008300Z,0.008300065994262695
CI.HYS..HHZ,2019-07-04T00:00:00.000000Z,2019-07-04T00:00:00.008300Z,0.008300065994262695
CI.ISA..HHE,2019-07-04T00:00:00.000000Z,2019-07-04T00:00:00.008300Z,0.008300065994262695
CI.ISA..HHN,2019-07-04T00:00:00.000000Z,2019-07-04T00:00:00.008300Z,0.008300065994262695
CI.ISA..HHZ,2019-07-04T00:00:00.000000Z,2019-07-04T00:00:00.008300Z,0.008300065994262695
CI.JRC2..HHE,2019-07-04T00:00:00.000000Z,2019-07-04T00:00:00.008300Z,0.008300065994262695
CI.JRC2..HHN,2019-07-04T00:00:00.000000Z,2019-07-04T00:00:00.008300Z,0.008300065994262695
CI.JRC2..HHZ,2019-07-04T00:00:00.000000Z,2019-07-04T00:00:00.008300Z,0.008300065994262695
CI.LDR..HHE,2019-07-04T00:00:00.000000Z,2019-07-04T00:00:00.008300Z,0.008300065994262695
CI.LDR..HHN,2019-07-04T00:00:00.000000Z,2019-07-04T00:00:00.008300Z,0.008300065994262695
CI.LDR..HHZ,2019-07-04T00:00:00.000000Z,2019-07-04T00:00:00.008300Z,0.008300065994262695
CI.LMR2..HHE,2019-07-04T00:00:00.000000Z,2019-07-04T00:00:00.008300Z,0.008300065994262695
CI.LMR2..HHN,2019-07-04T00:00:00.000000Z,2019-07-04T00:00:00.008300Z,0.008300065994262695
CI.LMR2..HHZ,2019-07-04T00:00:00.000000Z,2019-07-04T00:00:00.008300Z,0.008300065994262695
CI.LRL..HHE,2019-07-04T00:00:00.000000Z,2019-07-04T00:00:00.008300Z,0.008300065994262695
CI.LRL..HHN,2019-07-04T00:00:00.000000Z,2019-07-04T00:00:00.008300Z,0.008300065994262695
CI.LRL..HHZ,2019-07-04T00:00:00.000000Z,2019-07-04T00:00:00.008300Z,0.008300065994262695
CI.MPM..HHE,2019-07-04T00:00:00.000000Z,2019-07-04T00:00:00.008300Z,0.008300065994262695
CI.MPM..HHN,2019-07-04T00:00:00.000000Z,2019-07-04T00:00:00.008300Z,0.008300065994262695
CI.MPM..HHZ,2019-07-04T00:00:00.000000Z,2019-07-04T00:00:00.008300Z,0.008300065994262695
CI.MPM..HHZ,2019-07-06T19:18:49.938300Z,2019-07-06T19:18:49.968300Z,0.030000038153957576
CI.SLA..HHE,2019-07-04T00:00:00.000000Z,2019-07-04T00:00:00.008300Z,0.008300065994262695
CI.SLA..HHN,2019-07-04T00:00:00.000000Z,2019-07-04T00:00:00.008300Z,0.008300065994262695
CI.SLA..HHZ,2019-07-04T00:00:00.000000Z,2019-07-04T00:00:00.008300Z,0.008300065994262695
CI.SPG2..HHE,2019-07-04T00:00:00.000000Z,2019-07-04T00:00:00.008300Z,0.008300065994262695
CI.SPG2..HHN,2019-07-04T00:00:00.000000Z,2019-07-04T00:00:00.008300Z,0.008300065994262695
CI.SPG2..HHZ,2019-07-04T00:00:00.000000Z,2019-07-04T00:00:00.008300Z,0.008300065994262695
CI.SRT..HHE,2019-07-04T00:00:00.000000Z,2019-07-04T00:00:00.008300Z,0.008300065994262695
CI.SRT..HHN,2019-07-04T00:00:00.000000Z,2019-07-04T00:00:00.008300Z,0.008300065994262695
CI.SRT..HHZ,2019-07-04T00:00:00.000000Z,2019-07-04T00:00:00.008300Z,0.008300065994262695
CI.TEH..HHE,2019-07-04T00:00:00.000000Z,2019-07-04T00:00:00.008300Z,0.008300065994262695
CI.TEH..HHN,2019-07-04T00:00:00.000000Z,2019-07-04T00:00:00.008300Z,0.008300065994262695
CI.TEH..HHZ,2019-07-04T00:00:00.000000Z,2019-07-04T00:00:00.008300Z,0.008300065994262695
CI.TOW2..HHE,2019-07-04T00:00:00.000000Z,2019-07-04T00:00:00.008300Z,0.008300065994262695
CI.TOW2..HHN,2019-07-04T00:00:00.000000Z,2019-07-04T00:00:00.008300Z,0.008300065994262695
CI.TOW2..HHZ,2019-07-04T00:00:00.000000Z,2019-07-04T00:00:00.008300Z,0.008300065994262695
CI.WAS2..HHE,2019-07-04T00:00:00.000000Z,2019-07-04T00:00:00.008300Z,0.008300065994262695
CI.WAS2..HHN,2019-07-04T00:00:00.000000Z,2019-07-04T00:00:00.008300Z,0.008300065994262695
CI.WAS2..HHZ,2019-07-04T00:00:00.000000Z,2019-07-04T00:00:00.008300Z,0.008300065994262695
CI.WBM..HHE,2019-07-04T00:00:00.000000Z,2019-07-04T00:00:00.003100Z,0.0030999183654785156
CI.WBM..HHN,2019-07-04T00:00:00.000000Z,2019-07-04T00:00:00.003100Z,0.0030999183654785156
CI.WBM..HHZ,2019-07-04T00:00:00.000000Z,2019-07-04T00:00:00.003100Z,0.0030999183654785156
CI.WBS..HHE,2019-07-04T00:00:00.000000Z,2019-07-04T00:00:00.008300Z,0.008300065994262695
CI.WBS..HHN,2019-07-04T00:00:00.000000Z,2019-07-04T00:00:00.008300Z,0.008300065994262695
CI.WBS..HHZ,2019-07-04T00:00:00.000000Z,2019-07-04T00:00:00.008300Z,0.008300065994262695
CI.WCS2..HHE,2019-07-04T00:00:00.000000Z,2019-07-04T00:00:00.008300Z,0.008300065994262695
CI.WCS2..HHE,2019-07-06T06:49:55.968300Z,2019-07-06T06:49:56.148300Z,0.17999986649374478
CI.WCS2..HHE,2019-07-06T08:21:29.738300Z,2019-07-06T08:21:29.968300Z,0.2300001716648694
CI.WCS2..HHE,2019-07-06T08:27:56.968300Z,2019-07-06T08:27:57.158300Z,0.18999981880187988
CI.WCS2..HHE,2019-07-06T19:06:34.728300Z,2019-07-06T19:06:34.968300Z,0.2400001811911352
CI.WCS2..HHE,2019-07-06T23:20:47.708300Z,2019-07-06T23:20:47.968300Z,0.2600000000093132
CI.WCS2..HHN,2019-07-04T00:00:00.000000Z,2019-07-04T00:00:00.008300Z,0.008300065994262695
CI.WCS2..HHN,2019-07-06T06:48:41.968300Z,2019-07-06T06:48:42.138300Z,0.16999987603048794
CI.WCS2..HHN,2019-07-06T07:54:27.968300Z,2019-07-06T07:54:28.388300Z,0.4200000000128057
CI.WCS2..HHN,2019-07-06T08:27:49.968300Z,2019-07-06T08:27:50.128300Z,0.16000000954954885
CI.WCS2..HHN,2019-07-06T19:49:39.628300Z,2019-07-06T19:49:39.968300Z,0.3400001525878906
CI.WCS2..HHN,2019-07-06T20:37:12.628300Z,2019-07-06T20:37:12.968300Z,0.33999999999650754
CI.WCS2..HHN,2019-07-06T20:55:14.928300Z,2019-07-06T20:55:14.968300Z,0.04000000000814907
CI.WCS2..HHN,2019-07-06T21:24:54.918300Z,2019-07-06T21:24:54.968300Z,0.04999999998835847
CI.WCS2..HHZ,2019-07-04T00:00:00.000000Z,2019-07-04T00:00:00.008300Z,0.008300065994262695
CI.WCS2..HHZ,2019-07-06T06:37:44.968300Z,2019-07-06T06:37:45.148300Z,0.17999986649374478
CI.WCS2..HHZ,2019-07-06T07:08:40.708300Z,2019-07-06T07:08:40.968300Z,0.26000017166370526
CI.WCS2..HHZ,2019-07-06T20:13:55.768300Z,2019-07-06T20:13:55.968300Z,0.20000000001164153
CI.WCS2..HHZ,2019-07-06T20:55:14.938300Z,2019-07-06T20:55:14.968300Z,0.029999999998835847
CI.WCS2..HHZ,2019-07-06T22:31:37.968300Z,2019-07-06T22:31:38.358300Z,0.3899998664855957
CI.WHF..HHE,2019-07-04T00:00:00.000000Z,2019-07-04T00:00:00.008300Z,0.008300065994262695
CI.WHF..HHN,2019-07-04T00:00:00.000000Z,2019-07-04T00:00:00.008300Z,0.008300065994262695
CI.WHF..HHZ,2019-07-04T00:00:00.000000Z,2019-07-04T00:00:00.008300Z,0.008300065994262695
CI.WMF..HHE,2019-07-04T00:00:00.000000Z,2019-07-04T00:00:00.008300Z,0.008300065994262695
CI.WMF..HHN,2019-07-04T00:00:00.000000Z,2019-07-04T00:00:00.008300Z,0.008300065994262695
CI.WMF..HHZ,2019-07-04T00:00:00.000000Z,2019-07-04T00:00:00.008300Z,0.008300065994262695
CI.WOR..HHE,2019-07-04T00:00:00.000000Z,2019-07-04T00:00:00.008300Z,0.008300065994262695
CI.WOR..HHN,2019-07-04T00:00:00.000000Z,2019-07-04T00:00:00.008300Z,0.008300065994262695
CI.WOR..HHZ,2019-07-04T00:00:00.000000Z,2019-07-04T00:00:00.008300Z,0.008300065994262695
CI.WRC2..HHE,2019-07-04T00:00:00.000000Z,2019-07-04T00:00:00.008300Z,0.008300065994262695
CI.WRC2..HHE,2019-07-06T04:38:06.948300Z,2019-07-06T04:38:06.968300Z,0.02000003814464435
CI.WRC2..HHE,2019-07-06T04:57:33.698300Z,2019-07-06T04:57:33.968300Z,0.2699999999895226
CI.WRC2..HHE,2019-07-06T07:48:47.968300Z,2019-07-06T07:48:48.368300Z,0.39999985694885254
CI.WRC2..HHE,2019-07-06T10:01:40.908300Z,2019-07-06T10:01:40.968300Z,0.06000014304299839
CI.WRC2..HHE,2019-07-06T10:03:35.498300Z,2019-07-06T10:03:35.968300Z,0.47000000000116415
CI.WRC2..HHE,2019-07-06T22:09:50.948300Z,2019-07-06T22:09:50.968300Z,0.01999999998952262
CI.WRC2..HHN,2019-07-04T00:00:00.000000Z,2019-07-04T00:00:00.008300Z,0.008300065994262695
CI.WRC2..HHN,2019-07-06T04:47:03.788300Z,2019-07-06T04:47:03.968300Z,0.1800000381481368
CI.WRC2..HHN,2019-07-06T20:08:55.588300Z,2019-07-06T20:08:55.968300Z,0.3800000000046566
CI.WRC2..HHN,2019-07-06T20:57:57.968300Z,2019-07-06T20:57:58.118300Z,0.14999985694885254
CI.WRC2..HHN,2019-07-06T22:03:40.918300Z,2019-07-06T22:03:40.968300Z,0.05000014306278899
CI.WRC2..HHZ,2019-07-04T00:00:00.000000Z,2019-07-04T00:00:00.008300Z,0.008300065994262695
CI.WRC2..HHZ,2019-07-06T05:03:19.538300Z,2019-07-06T05:03:19.968300Z,0.4300000381481368
CI.WRC2..HHZ,2019-07-06T05:15:39.578300Z,2019-07-06T05:16:06.968300Z,27.39000000001397
CI.WRC2..HHZ,2019-07-06T05:16:07.968300Z,2019-07-06T05:16:08.218300Z,0.2499997615814209
CI.WRC2..HHZ,2019-07-06T09:29:32.968300Z,2019-07-06T09:29:33.108300Z,0.1400001049041748
CI.WRC2..HHZ,2019-07-06T20:53:01.768300Z,2019-07-06T20:53:01.968300Z,0.20000013351091184
CI.WRC2..HHZ,2019-07-06T21:16:09.808300Z,2019-07-06T21:16:09.968300Z,0.16000000000349246
CI.WRC2..HHZ,2019-07-06T22:04:04.968300Z,2019-07-06T22:04:05.068300Z,0.09999990463256836
CI.WRC2..HHZ,2019-07-06T22:21:06.968300Z,2019-07-06T22:21:07.148300Z,0.17999992371187545
NN.GWY..HHE,2019-07-04T00:00:00.000000Z,2019-07-04T00:00:00.008300Z,0.008300065994262695
NN.GWY..HHN,2019-07-04T00:00:00.000000Z,2019-07-04T00:00:00.008300Z,0.008300065994262695
NN.GWY..HHZ,2019-07-04T00:00:00.000000Z,2019-07-04T00:00:00.008300Z,0.008300065994262695
NN.QSM..HHE,2019-07-04T00:00:00.000000Z,2019-07-04T00:00:00.008300Z,0.008300065994262695
NN.QSM..HHN,2019-07-04T00:00:00.000000Z,2019-07-04T00:00:00.008300Z,0.008300065994262695
NN.QSM..HHZ,2019-07-04T00:00:00.000000Z,2019-07-04T00:00:00.008300Z,0.008300065994262695
PB.B916..EH1,2019-07-04T00:00:00.000000Z,2019-07-04T00:00:00.008300Z,0.008300065994262695
PB.B916..EH2,2019-07-04T00:00:00.000000Z,2019-07-04T00:00:00.008300Z,0.008300065994262695
PB.B916..EHZ,2019-07-04T00:00:00.000000Z,2019-07-04T00:00:00.008300Z,0.008300065994262695
PB.B917..EH1,2019-07-04T00:00:00.000000Z,2019-07-04T00:00:00.008300Z,0.008300065994262695
PB.B917..EH2,2019-07-04T00:00:00.000000Z,2019-07-04T00:00:00.008300Z,0.008300065994262695
PB.B917..EHZ,2019-07-04T00:00:00.000000Z,2019-07-04T00:00:00.008300Z,0.008300065994262695
PB.B918..EH1,2019-07-04T00:00:00.000000Z,2019-07-04T00:00:00.008300Z,0.008300065994262695
PB.B918..EH2,2019-07-04T00:00:00.000000Z,2019-07-04T00:00:00.008300Z,0.008300065994262695
PB.B918..EHZ,2019-07-04T00:00:00.000000Z,2019-07-04T00:00:00.008300Z,0.008300065994262695
PB.B921..EH1,2019-07-04T00:00:00.000000Z,2019-07-04T00:00:00.008300Z,0.008300065994262695
PB.B921..EH2,2019-07-04T00:00:00.000000Z,2019-07-04T00:00:00.008300Z,0.008300065994262695
PB.B921..EHZ,2019-07-04T00:00:00.000000Z,2019-07-04T00:00:00.008300Z,0.008300065994262695
