seed_id,windows,screened_samples,plateau_score,plateau_start_utc,plateau_path,jump_score,jump_start_utc,jump_path
CI.APL..HNE,25920,25920000,0.0,2019-07-04T00:00:00.000000Z,data/CI.APL/CI.APL..HNE__20190704T000000Z__20190705T000000Z.mseed,10.338458792410204,2019-07-06T03:20:00.000000Z,data/CI.APL/CI.APL..HNE__20190706T000000Z__20190707T000000Z.mseed
CI.APL..HNN,25920,25920000,0.0,2019-07-04T00:00:00.000000Z,data/CI.APL/CI.APL..HNN__20190704T000000Z__20190705T000000Z.mseed,9.930639329565654,2019-07-06T01:39:50.000000Z,data/CI.APL/CI.APL..HNN__20190706T000000Z__20190707T000000Z.mseed
CI.APL..HNZ,25920,25920000,0.0,2019-07-04T00:00:00.000000Z,data/CI.APL/CI.APL..HNZ__20190704T000000Z__20190705T000000Z.mseed,11.142545983321748,2019-07-05T23:52:50.000000Z,data/CI.APL/CI.APL..HNZ__20190705T000000Z__20190706T000000Z.mseed
CI.CCA..HHE,25920,25920000,0.72,2019-07-04T04:40:30.008300Z,data/CI.CCA/CI.CCA..HHE__20190704T000000Z__20190705T000000Z.mseed,14.741069057930131,2019-07-04T18:25:40.008300Z,data/CI.CCA/CI.CCA..HHE__20190704T000000Z__20190705T000000Z.mseed
CI.CCA..HHN,25920,25920000,0.58,2019-07-04T04:40:50.008300Z,data/CI.CCA/CI.CCA..HHN__20190704T000000Z__20190705T000000Z.mseed,13.341222567661724,2019-07-05T03:34:10.008300Z,data/CI.CCA/CI.CCA..HHN__20190705T000000Z__20190706T000000Z.mseed
CI.CCA..HHZ,25920,25920000,0.5,2019-07-04T04:42:10.008300Z,data/CI.CCA/CI.CCA..HHZ__20190704T000000Z__20190705T000000Z.mseed,18.138291023408456,2019-07-05T03:34:10.008300Z,data/CI.CCA/CI.CCA..HHZ__20190705T000000Z__20190706T000000Z.mseed
CI.CCC..HHE,25920,25920000,0.52,2019-07-04T04:43:50.008300Z,data/CI.CCC/CI.CCC..HHE__20190704T000000Z__20190705T000000Z.mseed,22.056631107194587,2019-07-04T23:42:30.008300Z,data/CI.CCC/CI.CCC..HHE__20190704T000000Z__20190705T000000Z.mseed
CI.CCC..HHN,25920,25920000,0.48,2019-07-04T04:42:40.008300Z,data/CI.CCC/CI.CCC..HHN__20190704T000000Z__20190705T000000Z.mseed,21.431641775762273,2019-07-06T15:19:30.008300Z,data/CI.CCC/CI.CCC..HHN__20190706T000000Z__20190707T000000Z.mseed
CI.CCC..HHZ,25920,25920000,0.7,2019-07-04T04:41:00.008300Z,data/CI.CCC/CI.CCC..HHZ__20190704T000000Z__20190705T000000Z.mseed,20.911040527307534,2019-07-06T08:08:10.008300Z,data/CI.CCC/CI.CCC..HHZ__20190706T000000Z__20190707T000000Z.mseed
CI.CGO..HHE,25920,25920000,0.64,2019-07-04T04:39:20.008300Z,data/CI.CGO/CI.CGO..HHE__20190704T000000Z__20190705T000000Z.mseed,16.549054855241693,2019-07-06T09:59:30.008300Z,data/CI.CGO/CI.CGO..HHE__20190706T000000Z__20190707T000000Z.mseed
CI.CGO..HHN,25920,25920000,0.68,2019-07-04T04:40:10.008300Z,data/CI.CGO/CI.CGO..HHN__20190704T000000Z__20190705T000000Z.mseed,13.745929348536082,2019-07-05T08:05:00.008300Z,data/CI.CGO/CI.CGO..HHN__20190705T000000Z__20190706T000000Z.mseed
CI.CGO..HHZ,25920,25920000,0.72,2019-07-04T04:40:20.008300Z,data/CI.CGO/CI.CGO..HHZ__20190704T000000Z__20190705T000000Z.mseed,18.603891617841455,2019-07-06T06:34:50.008300Z,data/CI.CGO/CI.CGO..HHZ__20190706T000000Z__20190707T000000Z.mseed
CI.CLC..HHE,25920,25920000,0.62,2019-07-04T05:28:50.008300Z,data/CI.CLC/CI.CLC..HHE__20190704T000000Z__20190705T000000Z.mseed,20.921806999752167,2019-07-05T07:01:00.008300Z,data/CI.CLC/CI.CLC..HHE__20190705T000000Z__20190706T000000Z.mseed
CI.CLC..HHN,25920,25920000,0.68,2019-07-04T04:42:10.008300Z,data/CI.CLC/CI.CLC..HHN__20190704T000000Z__20190705T000000Z.mseed,22.155834699966125,2019-07-05T19:15:40.008300Z,data/CI.CLC/CI.CLC..HHN__20190705T000000Z__20190706T000000Z.mseed
CI.CLC..HHZ,25920,25920000,0.66,2019-07-04T04:40:40.008300Z,data/CI.CLC/CI.CLC..HHZ__20190704T000000Z__20190705T000000Z.mseed,25.340704321519713,2019-07-05T06:19:50.008300Z,data/CI.CLC/CI.CLC..HHZ__20190705T000000Z__20190706T000000Z.mseed
CI.CWC..HHE,25920,25920000,0.22,2019-07-06T03:20:20.008300Z,data/CI.CWC/CI.CWC..HHE__20190706T000000Z__20190707T000000Z.mseed,11.579616898334873,2019-07-06T03:47:40.008300Z,data/CI.CWC/CI.CWC..HHE__20190706T000000Z__20190707T000000Z.mseed
CI.CWC..HHN,25920,25920000,0.1,2019-07-06T03:20:30.008300Z,data/CI.CWC/CI.CWC..HHN__20190706T000000Z__20190707T000000Z.mseed,10.79240408444725,2019-07-06T06:34:50.008300Z,data/CI.CWC/CI.CWC..HHN__20190706T000000Z__20190707T000000Z.mseed
CI.CWC..HHZ,25920,25920000,0.24,2019-07-04T04:42:00.008300Z,data/CI.CWC/CI.CWC..HHZ__20190704T000000Z__20190705T000000Z.mseed,12.453547030628396,2019-07-04T19:21:40.008300Z,data/CI.CWC/CI.CWC..HHZ__20190704T000000Z__20190705T000000Z.mseed
CI.DAW..HHE,25920,25920000,0.68,2019-07-04T04:42:00.003100Z,data/CI.DAW/CI.DAW..HHE__20190704T000000Z__20190705T000000Z.mseed,19.84462818452431,2019-07-04T17:33:50.003100Z,data/CI.DAW/CI.DAW..HHE__20190704T000000Z__20190705T000000Z.mseed
CI.DAW..HHN,25920,25920000,0.7,2019-07-04T04:40:20.003100Z,data/CI.DAW/CI.DAW..HHN__20190704T000000Z__20190705T000000Z.mseed,17.236412775606567,2019-07-06T01:33:20.003100Z,data/CI.DAW/CI.DAW..HHN__20190706T000000Z__20190707T000000Z.mseed
CI.DAW..HHZ,25920,25920000,0.58,2019-07-04T04:42:30.003100Z,data/CI.DAW/CI.DAW..HHZ__20190704T000000Z__20190705T000000Z.mseed,18.502970160189726,2019-07-06T01:33:20.003100Z,data/CI.DAW/CI.DAW..HHZ__20190706T000000Z__20190707T000000Z.mseed
CI.DTP..HHE,25920,25920000,0.62,2019-07-04T04:40:00.008300Z,data/CI.DTP/CI.DTP..HHE__20190704T000000Z__20190705T000000Z.mseed,16.267772593975458,2019-07-05T18:58:30.008300Z,data/CI.DTP/CI.DTP..HHE__20190705T000000Z__20190706T000000Z.mseed
CI.DTP..HHN,25920,25920000,0.68,2019-07-04T05:34:50.008300Z,data/CI.DTP/CI.DTP..HHN__20190704T000000Z__20190705T000000Z.mseed,17.06107300686372,2019-07-04T23:34:00.008300Z,data/CI.DTP/CI.DTP..HHN__20190704T000000Z__20190705T000000Z.mseed
CI.DTP..HHZ,25920,25920000,0.64,2019-07-04T04:41:10.008300Z,data/CI.DTP/CI.DTP..HHZ__20190704T000000Z__20190705T000000Z.mseed,19.33733894631204,2019-07-05T00:52:50.008300Z,data/CI.DTP/CI.DTP..HHZ__20190705T000000Z__20190706T000000Z.mseed
CI.EDW2..HHE,25920,25920000,0.64,2019-07-04T04:40:30.008300Z,data/CI.EDW2/CI.EDW2..HHE__20190704T000000Z__20190705T000000Z.mseed,14.076596083577742,2019-07-04T19:21:40.008300Z,data/CI.EDW2/CI.EDW2..HHE__20190704T000000Z__20190705T000000Z.mseed
CI.EDW2..HHN,25920,25920000,0.68,2019-07-04T04:43:00.008300Z,data/CI.EDW2/CI.EDW2..HHN__20190704T000000Z__20190705T000000Z.mseed,14.379168676926406,2019-07-06T23:50:50.008300Z,data/CI.EDW2/CI.EDW2..HHN__20190706T000000Z__20190707T000000Z.mseed
CI.EDW2..HHZ,25920,25920000,0.7,2019-07-04T04:42:50.008300Z,data/CI.EDW2/CI.EDW2..HHZ__20190704T000000Z__20190705T000000Z.mseed,14.309002433548411,2019-07-06T23:50:50.008300Z,data/CI.EDW2/CI.EDW2..HHZ__20190706T000000Z__20190707T000000Z.mseed
CI.FUR..HHE,25920,25920000,0.98,2019-07-05T13:05:40.008300Z,data/CI.FUR/CI.FUR..HHE__20190705T000000Z__20190706T000000Z.mseed,22.88163744896536,2019-07-05T13:05:40.008300Z,data/CI.FUR/CI.FUR..HHE__20190705T000000Z__20190706T000000Z.mseed
CI.FUR..HHN,25920,25920000,0.32,2019-07-06T03:20:30.008300Z,data/CI.FUR/CI.FUR..HHN__20190706T000000Z__20190707T000000Z.mseed,10.358567235570408,2019-07-06T03:20:20.008300Z,data/CI.FUR/CI.FUR..HHN__20190706T000000Z__20190707T000000Z.mseed
CI.FUR..HHZ,25920,25920000,0.14,2019-07-05T13:06:00.008300Z,data/CI.FUR/CI.FUR..HHZ__20190705T000000Z__20190706T000000Z.mseed,8.068921608340574,2019-07-06T09:30:50.008300Z,data/CI.FUR/CI.FUR..HHZ__20190706T000000Z__20190707T000000Z.mseed
CI.GSC..HHE,25920,25920000,0.68,2019-07-04T04:39:50.008300Z,data/CI.GSC/CI.GSC..HHE__20190704T000000Z__20190705T000000Z.mseed,15.401114680164637,2019-07-06T07:15:30.008300Z,data/CI.GSC/CI.GSC..HHE__20190706T000000Z__20190707T000000Z.mseed
CI.GSC..HHN,25920,25920000,0.68,2019-07-04T04:42:40.008300Z,data/CI.GSC/CI.GSC..HHN__20190704T000000Z__20190705T000000Z.mseed,12.196594849881338,2019-07-05T15:36:40.008300Z,data/CI.GSC/CI.GSC..HHN__20190705T000000Z__20190706T000000Z.mseed
CI.GSC..HHZ,25920,25920000,0.62,2019-07-04T04:42:10.008300Z,data/CI.GSC/CI.GSC..HHZ__20190704T000000Z__20190705T000000Z.mseed,15.131770390465354,2019-07-06T07:15:30.008300Z,data/CI.GSC/CI.GSC..HHZ__20190706T000000Z__20190707T000000Z.mseed
CI.HAR..HHE,25920,25920000,0.96,2019-07-06T13:43:50.008300Z,data/CI.HAR/CI.HAR..HHE__20190706T000000Z__20190707T000000Z.mseed,20.989647900735044,2019-07-06T13:43:50.008300Z,data/CI.HAR/CI.HAR..HHE__20190706T000000Z__20190707T000000Z.mseed
CI.HAR..HHN,25920,25920000,0.6,2019-07-04T04:42:40.008300Z,data/CI.HAR/CI.HAR..HHN__20190704T000000Z__20190705T000000Z.mseed,16.781268601402836,2019-07-06T13:43:30.008300Z,data/CI.HAR/CI.HAR..HHN__20190706T000000Z__20190707T000000Z.mseed
CI.HAR..HHZ,25920,25920000,0.66,2019-07-06T13:43:50.008300Z,data/CI.HAR/CI.HAR..HHZ__20190706T000000Z__20190707T000000Z.mseed,19.0259369992,2019-07-06T13:43:50.008300Z,data/CI.HAR/CI.HAR..HHZ__20190706T000000Z__20190707T000000Z.mseed
CI.HYS..HHE,25920,25920000,0.72,2019-07-04T04:43:10.008300Z,data/CI.HYS/CI.HYS..HHE__20190704T000000Z__20190705T000000Z.mseed,15.023735370207023,2019-07-04T18:54:20.008300Z,data/CI.HYS/CI.HYS..HHE__20190704T000000Z__20190705T000000Z.mseed
CI.HYS..HHN,25920,25920000,0.68,2019-07-04T04:42:40.008300Z,data/CI.HYS/CI.HYS..HHN__20190704T000000Z__20190705T000000Z.mseed,13.625566279794947,2019-07-05T22:05:20.008300Z,data/CI.HYS/CI.HYS..HHN__20190705T000000Z__20190706T000000Z.mseed
CI.HYS..HHZ,25920,25920000,0.72,2019-07-04T04:41:50.008300Z,data/CI.HYS/CI.HYS..HHZ__20190704T000000Z__20190705T000000Z.mseed,15.724075054173712,2019-07-06T14:49:10.008300Z,data/CI.HYS/CI.HYS..HHZ__20190706T000000Z__20190707T000000Z.mseed
CI.ISA..HHE,25920,25920000,0.62,2019-07-04T04:40:50.008300Z,data/CI.ISA/CI.ISA..HHE__20190704T000000Z__20190705T000000Z.mseed,15.375086564026699,2019-07-05T05:29:20.008300Z,data/CI.ISA/CI.ISA..HHE__20190705T000000Z__20190706T000000Z.mseed
CI.ISA..HHN,25920,25920000,0.7,2019-07-04T04:42:20.008300Z,data/CI.ISA/CI.ISA..HHN__20190704T000000Z__20190705T000000Z.mseed,15.966606644701802,2019-07-05T06:18:40.008300Z,data/CI.ISA/CI.ISA..HHN__20190705T000000Z__20190706T000000Z.mseed
CI.ISA..HHZ,25920,25920000,0.74,2019-07-04T04:39:30.008300Z,data/CI.ISA/CI.ISA..HHZ__20190704T000000Z__20190705T000000Z.mseed,14.113908706041714,2019-07-04T17:03:00.008300Z,data/CI.ISA/CI.ISA..HHZ__20190704T000000Z__20190705T000000Z.mseed
CI.JRC2..HHE,25920,25920000,0.7,2019-07-04T04:40:10.008300Z,data/CI.JRC2/CI.JRC2..HHE__20190704T000000Z__20190705T000000Z.mseed,17.635693224002377,2019-07-05T08:54:00.008000Z,data/CI.JRC2/CI.JRC2..HHE__20190705T000000Z__20190706T000000Z.mseed
CI.JRC2..HHN,25920,25920000,0.64,2019-07-04T04:43:40.008300Z,data/CI.JRC2/CI.JRC2..HHN__20190704T000000Z__20190705T000000Z.mseed,20.441406377872454,2019-07-06T21:56:30.008000Z,data/CI.JRC2/CI.JRC2..HHN__20190706T000000Z__20190707T000000Z.mseed
CI.JRC2..HHZ,25920,25920000,0.66,2019-07-04T04:38:30.008300Z,data/CI.JRC2/CI.JRC2..HHZ__20190704T000000Z__20190705T000000Z.mseed,18.13507237922234,2019-07-06T07:08:40.008000Z,data/CI.JRC2/CI.JRC2..HHZ__20190706T000000Z__20190707T000000Z.mseed
CI.LDR..HHE,25920,25920000,0.64,2019-07-04T04:40:10.008300Z,data/CI.LDR/CI.LDR..HHE__20190704T000000Z__20190705T000000Z.mseed,18.306758706006946,2019-07-05T19:21:10.008300Z,data/CI.LDR/CI.LDR..HHE__20190705T000000Z__20190706T000000Z.mseed
CI.LDR..HHN,25920,25920000,0.7,2019-07-04T04:40:00.008300Z,data/CI.LDR/CI.LDR..HHN__20190704T000000Z__20190705T000000Z.mseed,16.762327781636515,2019-07-05T19:21:10.008300Z,data/CI.LDR/CI.LDR..HHN__20190705T000000Z__20190706T000000Z.mseed
CI.LDR..HHZ,25920,25920000,0.54,2019-07-04T04:43:00.008300Z,data/CI.LDR/CI.LDR..HHZ__20190704T000000Z__20190705T000000Z.mseed,20.45967443875929,2019-07-05T19:22:40.008300Z,data/CI.LDR/CI.LDR..HHZ__20190705T000000Z__20190706T000000Z.mseed
CI.LMR2..HHE,25920,25920000,0.48,2019-07-04T04:43:00.008300Z,data/CI.LMR2/CI.LMR2..HHE__20190704T000000Z__20190705T000000Z.mseed,14.727879307276478,2019-07-06T23:26:30.008300Z,data/CI.LMR2/CI.LMR2..HHE__20190706T000000Z__20190707T000000Z.mseed
CI.LMR2..HHN,25920,25920000,0.4,2019-07-04T04:45:20.008300Z,data/CI.LMR2/CI.LMR2..HHN__20190704T000000Z__20190705T000000Z.mseed,17.65591209449164,2019-07-06T14:49:10.008300Z,data/CI.LMR2/CI.LMR2..HHN__20190706T000000Z__20190707T000000Z.mseed
CI.LMR2..HHZ,25920,25920000,0.7,2019-07-04T04:42:40.008300Z,data/CI.LMR2/CI.LMR2..HHZ__20190704T000000Z__20190705T000000Z.mseed,17.353166859424316,2019-07-06T14:49:10.008300Z,data/CI.LMR2/CI.LMR2..HHZ__20190706T000000Z__20190707T000000Z.mseed
CI.LRL..HHE,25920,25920000,0.18,2019-07-06T03:20:30.008300Z,data/CI.LRL/CI.LRL..HHE__20190706T000000Z__20190707T000000Z.mseed,15.308591843880748,2019-07-06T02:25:30.008300Z,data/CI.LRL/CI.LRL..HHE__20190706T000000Z__20190707T000000Z.mseed
CI.LRL..HHN,25920,25920000,0.08,2019-07-06T03:20:30.008300Z,data/CI.LRL/CI.LRL..HHN__20190706T000000Z__20190707T000000Z.mseed,16.649094532824662,2019-07-06T19:32:50.008300Z,data/CI.LRL/CI.LRL..HHN__20190706T000000Z__20190707T000000Z.mseed
CI.LRL..HHZ,25920,25920000,0.06,2019-07-05T11:11:30.008300Z,data/CI.LRL/CI.LRL..HHZ__20190705T000000Z__20190706T000000Z.mseed,22.15460214127243,2019-07-06T13:03:10.008300Z,data/CI.LRL/CI.LRL..HHZ__20190706T000000Z__20190707T000000Z.mseed
CI.MPM..HHE,25920,25920000,0.72,2019-07-04T05:21:00.008300Z,data/CI.MPM/CI.MPM..HHE__20190704T000000Z__20190705T000000Z.mseed,20.53934185639098,2019-07-04T23:42:30.008300Z,data/CI.MPM/CI.MPM..HHE__20190704T000000Z__20190705T000000Z.mseed
CI.MPM..HHN,25920,25920000,0.72,2019-07-04T05:55:40.008300Z,data/CI.MPM/CI.MPM..HHN__20190704T000000Z__20190705T000000Z.mseed,20.542490035856563,2019-07-04T23:42:30.008300Z,data/CI.MPM/CI.MPM..HHN__20190704T000000Z__20190705T000000Z.mseed
CI.MPM..HHZ,25919,25919000,0.7,2019-07-04T05:23:10.008300Z,data/CI.MPM/CI.MPM..HHZ__20190704T000000Z__20190705T000000Z.mseed,25.99022897517953,2019-07-04T23:42:30.008300Z,data/CI.MPM/CI.MPM..HHZ__20190704T000000Z__20190705T000000Z.mseed
CI.SLA..HHE,25920,25920000,0.4,2019-07-06T03:20:30.008300Z,data/CI.SLA/CI.SLA..HHE__20190706T000000Z__20190707T000000Z.mseed,12.83856622374186,2019-07-04T23:42:30.008300Z,data/CI.SLA/CI.SLA..HHE__20190704T000000Z__20190705T000000Z.mseed
CI.SLA..HHN,25920,25920000,0.24,2019-07-04T04:42:40.008300Z,data/CI.SLA/CI.SLA..HHN__20190704T000000Z__20190705T000000Z.mseed,13.648258795205924,2019-07-06T23:21:30.008300Z,data/CI.SLA/CI.SLA..HHN__20190706T000000Z__20190707T000000Z.mseed
CI.SLA..HHZ,25920,25920000,0.42,2019-07-04T04:42:30.008300Z,data/CI.SLA/CI.SLA..HHZ__20190704T000000Z__20190705T000000Z.mseed,25.732966888452733,2019-07-06T17:41:30.008300Z,data/CI.SLA/CI.SLA..HHZ__20190706T000000Z__20190707T000000Z.mseed
CI.SPG2..HHE,25920,25920000,0.7,2019-07-04T04:40:20.008300Z,data/CI.SPG2/CI.SPG2..HHE__20190704T000000Z__20190705T000000Z.mseed,14.023841890615001,2019-07-05T16:30:40.008300Z,data/CI.SPG2/CI.SPG2..HHE__20190705T000000Z__20190706T000000Z.mseed
CI.SPG2..HHN,25920,25920000,0.66,2019-07-04T04:42:00.008300Z,data/CI.SPG2/CI.SPG2..HHN__20190704T000000Z__20190705T000000Z.mseed,15.767717640378232,2019-07-05T15:52:00.008300Z,data/CI.SPG2/CI.SPG2..HHN__20190705T000000Z__20190706T000000Z.mseed
CI.SPG2..HHZ,25920,25920000,0.58,2019-07-04T05:34:40.008300Z,data/CI.SPG2/CI.SPG2..HHZ__20190704T000000Z__20190705T000000Z.mseed,15.134057256214206,2019-07-05T06:28:40.008300Z,data/CI.SPG2/CI.SPG2..HHZ__20190705T000000Z__20190706T000000Z.mseed
CI.SRT..HHE,25920,25920000,0.68,2019-07-06T03:20:30.008300Z,data/CI.SRT/CI.SRT..HHE__20190706T000000Z__20190707T000000Z.mseed,20.23026775961828,2019-07-05T05:29:10.008300Z,data/CI.SRT/CI.SRT..HHE__20190705T000000Z__20190706T000000Z.mseed
CI.SRT..HHN,25920,25920000,0.66,2019-07-04T17:34:20.008300Z,data/CI.SRT/CI.SRT..HHN__20190704T000000Z__20190705T000000Z.mseed,25.263196963719636,2019-07-04T17:02:50.008300Z,data/CI.SRT/CI.SRT..HHN__20190704T000000Z__20190705T000000Z.mseed
CI.SRT..HHZ,25920,25920000,0.56,2019-07-04T04:40:10.008300Z,data/CI.SRT/CI.SRT..HHZ__20190704T000000Z__20190705T000000Z.mseed,21.092165991692067,2019-07-05T23:48:50.008300Z,data/CI.SRT/CI.SRT..HHZ__20190705T000000Z__20190706T000000Z.mseed
CI.TEH..HHE,25920,25920000,0.64,2019-07-04T05:29:20.008300Z,data/CI.TEH/CI.TEH..HHE__20190704T000000Z__20190705T000000Z.mseed,16.83032147203615,2019-07-06T14:24:10.008300Z,data/CI.TEH/CI.TEH..HHE__20190706T000000Z__20190707T000000Z.mseed
CI.TEH..HHN,25920,25920000,0.64,2019-07-04T04:42:40.008300Z,data/CI.TEH/CI.TEH..HHN__20190704T000000Z__20190705T000000Z.mseed,13.918404288355838,2019-07-06T16:02:40.008300Z,data/CI.TEH/CI.TEH..HHN__20190706T000000Z__20190707T000000Z.mseed
CI.TEH..HHZ,25920,25920000,0.64,2019-07-04T05:24:40.008300Z,data/CI.TEH/CI.TEH..HHZ__20190704T000000Z__20190705T000000Z.mseed,18.45599001448012,2019-07-05T21:30:30.008300Z,data/CI.TEH/CI.TEH..HHZ__20190705T000000Z__20190706T000000Z.mseed
CI.TOW2..HHE,25920,25920000,0.68,2019-07-04T05:11:20.008300Z,data/CI.TOW2/CI.TOW2..HHE__20190704T000000Z__20190705T000000Z.mseed,16.41250161086321,2019-07-05T06:18:30.008300Z,data/CI.TOW2/CI.TOW2..HHE__20190705T000000Z__20190706T000000Z.mseed
CI.TOW2..HHN,25920,25920000,0.64,2019-07-04T17:34:20.008300Z,data/CI.TOW2/CI.TOW2..HHN__20190704T000000Z__20190705T000000Z.mseed,20.028045782753424,2019-07-05T06:18:30.008300Z,data/CI.TOW2/CI.TOW2..HHN__20190705T000000Z__20190706T000000Z.mseed
CI.TOW2..HHZ,25920,25920000,0.68,2019-07-04T04:42:10.008300Z,data/CI.TOW2/CI.TOW2..HHZ__20190704T000000Z__20190705T000000Z.mseed,22.084223585295064,2019-07-05T10:16:30.008300Z,data/CI.TOW2/CI.TOW2..HHZ__20190705T000000Z__20190706T000000Z.mseed
CI.WAS2..HHE,25920,25920000,0.56,2019-07-04T04:39:50.008300Z,data/CI.WAS2/CI.WAS2..HHE__20190704T000000Z__20190705T000000Z.mseed,17.563820239877447,2019-07-04T14:25:00.008300Z,data/CI.WAS2/CI.WAS2..HHE__20190704T000000Z__20190705T000000Z.mseed
CI.WAS2..HHN,25920,25920000,0.6,2019-07-04T04:40:10.008300Z,data/CI.WAS2/CI.WAS2..HHN__20190704T000000Z__20190705T000000Z.mseed,17.682549519266917,2019-07-04T14:24:40.008300Z,data/CI.WAS2/CI.WAS2..HHN__20190704T000000Z__20190705T000000Z.mseed
CI.WAS2..HHZ,25920,25920000,0.62,2019-07-04T04:42:40.008300Z,data/CI.WAS2/CI.WAS2..HHZ__20190704T000000Z__20190705T000000Z.mseed,17.746085830489168,2019-07-04T14:24:40.008300Z,data/CI.WAS2/CI.WAS2..HHZ__20190704T000000Z__20190705T000000Z.mseed
CI.WBM..HHE,25920,25920000,0.64,2019-07-04T04:42:10.003100Z,data/CI.WBM/CI.WBM..HHE__20190704T000000Z__20190705T000000Z.mseed,20.171075490118092,2019-07-05T20:15:50.003100Z,data/CI.WBM/CI.WBM..HHE__20190705T000000Z__20190706T000000Z.mseed
CI.WBM..HHN,25920,25920000,0.58,2019-07-04T04:42:30.003100Z,data/CI.WBM/CI.WBM..HHN__20190704T000000Z__20190705T000000Z.mseed,21.098731710055194,2019-07-05T20:15:50.003100Z,data/CI.WBM/CI.WBM..HHN__20190705T000000Z__20190706T000000Z.mseed
CI.WBM..HHZ,25920,25920000,0.36,2019-07-04T04:43:20.003100Z,data/CI.WBM/CI.WBM..HHZ__20190704T000000Z__20190705T000000Z.mseed,19.044688157105636,2019-07-05T22:58:50.003100Z,data/CI.WBM/CI.WBM..HHZ__20190705T000000Z__20190706T000000Z.mseed
CI.WBS..HHE,25920,25920000,0.42,2019-07-04T04:42:50.008300Z,data/CI.WBS/CI.WBS..HHE__20190704T000000Z__20190705T000000Z.mseed,18.791717309446913,2019-07-05T00:45:40.008300Z,data/CI.WBS/CI.WBS..HHE__20190705T000000Z__20190706T000000Z.mseed
CI.WBS..HHN,25920,25920000,0.18,2019-07-04T04:42:30.008300Z,data/CI.WBS/CI.WBS..HHN__20190704T000000Z__20190705T000000Z.mseed,17.40725970485376,2019-07-05T12:38:30.008300Z,data/CI.WBS/CI.WBS..HHN__20190705T000000Z__20190706T000000Z.mseed
CI.WBS..HHZ,25920,25920000,0.54,2019-07-04T04:41:40.008300Z,data/CI.WBS/CI.WBS..HHZ__20190704T000000Z__20190705T000000Z.mseed,22.15042105038185,2019-07-06T20:19:20.008300Z,data/CI.WBS/CI.WBS..HHZ__20190706T000000Z__20190707T000000Z.mseed
CI.WCS2..HHE,25917,25917000,0.42,2019-07-04T04:42:30.008300Z,data/CI.WCS2/CI.WCS2..HHE__20190704T000000Z__20190705T000000Z.mseed,18.567609275051087,2019-07-06T06:28:40.008300Z,data/CI.WCS2/CI.WCS2..HHE__20190706T000000Z__20190707T000000Z.mseed
CI.WCS2..HHN,25916,25916000,0.58,2019-07-04T04:42:20.008300Z,data/CI.WCS2/CI.WCS2..HHN__20190704T000000Z__20190705T000000Z.mseed,21.164809464947968,2019-07-06T18:46:00.128300Z,data/CI.WCS2/CI.WCS2..HHN__20190706T000000Z__20190707T000000Z.mseed
CI.WCS2..HHZ,25917,25917000,0.56,2019-07-04T04:42:30.008300Z,data/CI.WCS2/CI.WCS2..HHZ__20190704T000000Z__20190705T000000Z.mseed,19.98504266786289,2019-07-06T05:15:30.008300Z,data/CI.WCS2/CI.WCS2..HHZ__20190706T000000Z__20190707T000000Z.mseed
CI.WHF..HHE,25920,25920000,0.64,2019-07-04T05:00:10.008300Z,data/CI.WHF/CI.WHF..HHE__20190704T000000Z__20190705T000000Z.mseed,21.986938565771638,2019-07-06T15:35:10.008300Z,data/CI.WHF/CI.WHF..HHE__20190706T000000Z__20190707T000000Z.mseed
CI.WHF..HHN,25920,25920000,0.66,2019-07-04T04:40:00.008300Z,data/CI.WHF/CI.WHF..HHN__20190704T000000Z__20190705T000000Z.mseed,21.94466420769901,2019-07-06T15:35:10.008300Z,data/CI.WHF/CI.WHF..HHN__20190706T000000Z__20190707T000000Z.mseed
CI.WHF..HHZ,25920,25920000,0.64,2019-07-04T04:42:50.008300Z,data/CI.WHF/CI.WHF..HHZ__20190704T000000Z__20190705T000000Z.mseed,22.01010689426616,2019-07-06T15:35:10.008300Z,data/CI.WHF/CI.WHF..HHZ__20190706T000000Z__20190707T000000Z.mseed
CI.WMF..HHE,25920,25920000,0.68,2019-07-04T05:20:40.008300Z,data/CI.WMF/CI.WMF..HHE__20190704T000000Z__20190705T000000Z.mseed,17.21395004766598,2019-07-05T06:59:00.008300Z,data/CI.WMF/CI.WMF..HHE__20190705T000000Z__20190706T000000Z.mseed
CI.WMF..HHN,25920,25920000,0.7,2019-07-04T04:40:50.008300Z,data/CI.WMF/CI.WMF..HHN__20190704T000000Z__20190705T000000Z.mseed,20.474849692904673,2019-07-06T21:52:20.008300Z,data/CI.WMF/CI.WMF..HHN__20190706T000000Z__20190707T000000Z.mseed
CI.WMF..HHZ,25920,25920000,0.7,2019-07-04T05:46:00.008300Z,data/CI.WMF/CI.WMF..HHZ__20190704T000000Z__20190705T000000Z.mseed,21.268669686748794,2019-07-06T21:52:20.008300Z,data/CI.WMF/CI.WMF..HHZ__20190706T000000Z__20190707T000000Z.mseed
CI.WNM..EHZ,25920,25920000,0.0,2019-07-04T00:00:00.000000Z,data/CI.WNM/CI.WNM..EHZ__20190704T000000Z__20190705T000000Z.mseed,19.361806331474256,2019-07-04T19:21:30.000000Z,data/CI.WNM/CI.WNM..EHZ__20190704T000000Z__20190705T000000Z.mseed
CI.WOR..HHE,25920,25920000,0.68,2019-07-04T04:42:00.008300Z,data/CI.WOR/CI.WOR..HHE__20190704T000000Z__20190705T000000Z.mseed,18.118953704292874,2019-07-05T20:51:20.008300Z,data/CI.WOR/CI.WOR..HHE__20190705T000000Z__20190706T000000Z.mseed
CI.WOR..HHN,25920,25920000,0.68,2019-07-04T04:45:10.008300Z,data/CI.WOR/CI.WOR..HHN__20190704T000000Z__20190705T000000Z.mseed,21.850376218515372,2019-07-05T20:51:20.008300Z,data/CI.WOR/CI.WOR..HHN__20190705T000000Z__20190706T000000Z.mseed
CI.WOR..HHZ,25920,25920000,0.64,2019-07-04T04:42:30.008300Z,data/CI.WOR/CI.WOR..HHZ__20190704T000000Z__20190705T000000Z.mseed,18.910406662720135,2019-07-04T16:48:30.008300Z,data/CI.WOR/CI.WOR..HHZ__20190704T000000Z__20190705T000000Z.mseed
CI.WRC2..HHE,25916,25916000,0.62,2019-07-04T04:39:50.008300Z,data/CI.WRC2/CI.WRC2..HHE__20190704T000000Z__20190705T000000Z.mseed,22.45200983675534,2019-07-06T16:56:05.968300Z,data/CI.WRC2/CI.WRC2..HHE__20190706T000000Z__20190707T000000Z.mseed
CI.WRC2..HHN,25918,25918000,0.66,2019-07-04T04:41:40.008300Z,data/CI.WRC2/CI.WRC2..HHN__20190704T000000Z__20190705T000000Z.mseed,20.512868387451768,2019-07-06T00:51:20.008300Z,data/CI.WRC2/CI.WRC2..HHN__20190706T000000Z__20190707T000000Z.mseed
CI.WRC2..HHZ,25912,25912000,0.66,2019-07-04T04:40:20.008300Z,data/CI.WRC2/CI.WRC2..HHZ__20190704T000000Z__20190705T000000Z.mseed,20.636542498503346,2019-07-04T23:39:30.008300Z,data/CI.WRC2/CI.WRC2..HHZ__20190704T000000Z__20190705T000000Z.mseed
CI.WRV2..EHZ,25920,25920000,0.0,2019-07-04T00:00:00.000000Z,data/CI.WRV2/CI.WRV2..EHZ__20190704T000000Z__20190705T000000Z.mseed,22.178420946599708,2019-07-05T23:52:00.000000Z,data/CI.WRV2/CI.WRV2..EHZ__20190705T000000Z__20190706T000000Z.mseed
CI.WVP2..EHZ,25920,25920000,0.0,2019-07-04T00:00:00.000000Z,data/CI.WVP2/CI.WVP2..EHZ__20190704T000000Z__20190705T000000Z.mseed,20.457475734618654,2019-07-06T13:36:20.000000Z,data/CI.WVP2/CI.WVP2..EHZ__20190706T000000Z__20190707T000000Z.mseed
NN.GWY..HHE,25920,25920000,0.72,2019-07-04T04:40:20.008300Z,data/NN.GWY/NN.GWY..HHE__20190704T000000Z__20190705T000000Z.mseed,17.607699274064124,2019-07-04T16:53:10.008300Z,data/NN.GWY/NN.GWY..HHE__20190704T000000Z__20190705T000000Z.mseed
NN.GWY..HHN,25920,25920000,0.7,2019-07-04T04:42:20.008300Z,data/NN.GWY/NN.GWY..HHN__20190704T000000Z__20190705T000000Z.mseed,16.67100064942095,2019-07-04T16:53:10.008300Z,data/NN.GWY/NN.GWY..HHN__20190704T000000Z__20190705T000000Z.mseed
NN.GWY..HHZ,25920,25920000,0.74,2019-07-04T13:24:50.008300Z,data/NN.GWY/NN.GWY..HHZ__20190704T000000Z__20190705T000000Z.mseed,16.92634593492821,2019-07-04T23:42:40.008300Z,data/NN.GWY/NN.GWY..HHZ__20190704T000000Z__20190705T000000Z.mseed
NN.QSM..HHE,25920,25920000,0.6,2019-07-04T04:40:20.008300Z,data/NN.QSM/NN.QSM..HHE__20190704T000000Z__20190705T000000Z.mseed,14.907167519684611,2019-07-05T15:12:20.008300Z,data/NN.QSM/NN.QSM..HHE__20190705T000000Z__20190706T000000Z.mseed
NN.QSM..HHN,25920,25920000,0.68,2019-07-04T04:40:50.008300Z,data/NN.QSM/NN.QSM..HHN__20190704T000000Z__20190705T000000Z.mseed,16.90344664077624,2019-07-06T23:17:40.008300Z,data/NN.QSM/NN.QSM..HHN__20190706T000000Z__20190707T000000Z.mseed
NN.QSM..HHZ,25920,25920000,0.66,2019-07-04T04:41:20.008300Z,data/NN.QSM/NN.QSM..HHZ__20190704T000000Z__20190705T000000Z.mseed,14.4573331563597,2019-07-05T17:02:40.008300Z,data/NN.QSM/NN.QSM..HHZ__20190705T000000Z__20190706T000000Z.mseed
PB.B916..EH1,25920,25920000,0.0,2019-07-04T00:00:00.008300Z,data/PB.B916/PB.B916..EH1__20190704T000000Z__20190705T000000Z.mseed,26.92974969373269,2019-07-06T17:31:20.008300Z,data/PB.B916/PB.B916..EH1__20190706T000000Z__20190707T000000Z.mseed
PB.B916..EH2,25920,25920000,0.02,2019-07-05T11:09:50.008300Z,data/PB.B916/PB.B916..EH2__20190705T000000Z__20190706T000000Z.mseed,20.12746677739306,2019-07-06T17:31:20.008300Z,data/PB.B916/PB.B916..EH2__20190706T000000Z__20190707T000000Z.mseed
PB.B916..EHZ,25920,25920000,0.02,2019-07-04T04:35:00.008300Z,data/PB.B916/PB.B916..EHZ__20190704T000000Z__20190705T000000Z.mseed,25.2217594987348,2019-07-06T17:31:20.008300Z,data/PB.B916/PB.B916..EHZ__20190706T000000Z__20190707T000000Z.mseed
PB.B917..EH1,25920,25920000,0.0,2019-07-04T00:00:00.008300Z,data/PB.B917/PB.B917..EH1__20190704T000000Z__20190705T000000Z.mseed,27.49332240714303,2019-07-06T16:12:20.008300Z,data/PB.B917/PB.B917..EH1__20190706T000000Z__20190707T000000Z.mseed
PB.B917..EH2,25920,25920000,0.0,2019-07-04T00:00:00.008300Z,data/PB.B917/PB.B917..EH2__20190704T000000Z__20190705T000000Z.mseed,27.72203461806754,2019-07-06T16:12:20.008300Z,data/PB.B917/PB.B917..EH2__20190706T000000Z__20190707T000000Z.mseed
PB.B917..EHZ,25920,25920000,0.08,2019-07-04T04:43:00.008300Z,data/PB.B917/PB.B917..EHZ__20190704T000000Z__20190705T000000Z.mseed,27.322926662766054,2019-07-06T16:12:20.008300Z,data/PB.B917/PB.B917..EHZ__20190706T000000Z__20190707T000000Z.mseed
PB.B918..EH1,25920,25920000,0.0,2019-07-04T00:00:00.008300Z,data/PB.B918/PB.B918..EH1__20190704T000000Z__20190705T000000Z.mseed,20.566487278433243,2019-07-05T13:33:40.008300Z,data/PB.B918/PB.B918..EH1__20190705T000000Z__20190706T000000Z.mseed
PB.B918..EH2,25920,25920000,0.02,2019-07-04T04:43:50.008300Z,data/PB.B918/PB.B918..EH2__20190704T000000Z__20190705T000000Z.mseed,21.438372929534896,2019-07-04T17:27:30.008300Z,data/PB.B918/PB.B918..EH2__20190704T000000Z__20190705T000000Z.mseed
PB.B918..EHZ,25920,25920000,0.0,2019-07-04T00:00:00.008300Z,data/PB.B918/PB.B918..EHZ__20190704T000000Z__20190705T000000Z.mseed,22.050393878595944,2019-07-06T12:13:20.008300Z,data/PB.B918/PB.B918..EHZ__20190706T000000Z__20190707T000000Z.mseed
PB.B921..EH1,25920,25920000,0.0,2019-07-04T00:00:00.008300Z,data/PB.B921/PB.B921..EH1__20190704T000000Z__20190705T000000Z.mseed,28.629158491074325,2019-07-05T05:10:30.008300Z,data/PB.B921/PB.B921..EH1__20190705T000000Z__20190706T000000Z.mseed
PB.B921..EH2,25920,25920000,0.0,2019-07-04T00:00:00.008300Z,data/PB.B921/PB.B921..EH2__20190704T000000Z__20190705T000000Z.mseed,24.02505210490977,2019-07-06T19:48:40.008300Z,data/PB.B921/PB.B921..EH2__20190706T000000Z__20190707T000000Z.mseed
PB.B921..EHZ,25920,25920000,0.0,2019-07-04T00:00:00.008300Z,data/PB.B921/PB.B921..EHZ__20190704T000000Z__20190705T000000Z.mseed,29.03394069778616,2019-07-05T05:10:30.008300Z,data/PB.B921/PB.B921..EHZ__20190705T000000Z__20190706T000000Z.mseed
