event_id,period,x_10km_bin,y_10km_bin,selection_hash
gamma_0007446,after_M7.1,-3,3,345ff1b2c64f35f50d7fd3d24518f336478a45e2704821c049cfaeb1e5a20d8d
gamma_0006153,after_M7.1,-2,0,094e2fc38109d461b5c679d48a269ded57a22ee89ffb48224f2c7c20708e345c
gamma_0007623,after_M7.1,-2,1,001ddca67b038331f215cb9e1f5f91690fe69097372d22750e483ba8b144ef4c
gamma_0009214,after_M7.1,-2,2,03362ae9477a36bf621e295c1f99584274276a99f9ee92c26938f8cd0e477b8b
gamma_0008569,after_M7.1,-1,-2,0838e5380faf4d12456e25489e7d5cc86df9db761b94e6fb8e7b99ef5a824bef
gamma_0007817,after_M7.1,-1,-1,07b35eb629772b0b3d388617e6279e13f704f838117c5db18e81b143efe4212e
gamma_0007522,after_M7.1,-1,0,0078cb7c12d94f5ce3293db1d5173d29283a1222077bcf20e6f2b9babc6ccaaa
gamma_0009334,after_M7.1,-1,1,00d1b753f5e79ba5d3099a903c9877b7eb2fee07e7be6d5781d0466094896ae6
gamma_0008674,after_M7.1,-1,2,00d7890dd4d8af790a9041477ac3a032a9cb8edf84c515e724caa5077d933711
gamma_0005657,after_M7.1,0,-3,07b34fce64bd5d7f888de04154f49060225ea5c2486affafa4f7bfbe0825e58e
gamma_0005957,after_M7.1,0,-2,001dca8def1941b09341fd76315c1144ca9f078248772fadf636c4d784e9a2e2
gamma_0006295,after_M7.1,0,-1,001273ddc62d780eaceca7fa36515ff1ac97d1348df25c6a410a0b10b7a60723
gamma_0008853,after_M7.1,0,0,02390d4ff98fb8d7071e276427a0f7bd9c35a9a1a04d568e0da8bc759f8dbb57
gamma_0007140,after_M7.1,1,-3,00cf2ccb60fad92a903646415c3b940acc5a0fb7fdf4ee147bd1663ea67e3712
gamma_0006042,after_M7.1,1,-2,001e2369eed5fd4b581b1095ddb6614be17ad17c427ad074864d893686236138
gamma_0008977,after_M7.1,1,-1,30590fdd02f55917bf26218b8dd164e9d1ccfade1d57d8194b0e7e19b03744cb
gamma_0009360,after_M7.1,2,-3,18bd094ef46a437e11ea99fdbcf375a934c1f87084b1f450d6d4a07753a87ed0
gamma_0006547,after_M7.1,2,2,0eaccdad0632e49564556a2b51f56bf7fc48076396bf287b82065035966318db
gamma_0000028,before_M6.4,0,-1,0c0d114081737d0d588c8153930425d459238a4e0abbaf629a5ca55d6449c6ec
gamma_0000387,between_mainshocks,-2,-2,47eac66eccaa81577cf76fe604aec262e2e97bf38fcade6dcef51fc61302818a
gamma_0003497,between_mainshocks,-2,-1,1e6b8ab10cc1ca06978f3858dabb7bd2a6f9a391a111d97819bb9161af03cfc0
gamma_0000863,between_mainshocks,-2,1,00a4a5984e6187e40f767ac990e16eb48f17a2a8bb1210a9050203c768c828d0
gamma_0004605,between_mainshocks,-1,-3,0177a4df0f29c44f32765ff561de6503ac527c1f07788fc0c7e698cc9e4c1ca9
gamma_0001140,between_mainshocks,-1,-2,001ae8b23a8843d74d2058d634643da9a380bba53284aa9b4bec2085cee953ac
gamma_0004102,between_mainshocks,-1,-1,00988a30b12e4f4f11385657729d8efcbacb5f3fb6514e9ca016c2740a123ae0
gamma_0002421,between_mainshocks,-1,0,003aaf321ea634162b1d65b076d2d9404bc4ae39123079f2881dca8de88b8e48
gamma_0005350,between_mainshocks,0,-3,2dbb80a487e5cc0b4b20172b67e2f5e5a24ed92f1bb91639f5830ee7d00e6184
gamma_0002097,between_mainshocks,0,-2,0218fba9f91924955eb0f35e8c92fcd4bef2d8005b98c85dc06f3df500a26d31
gamma_0001225,between_mainshocks,0,-1,004007ccd2ef728dbfcf02ee72d05e2fc2ca02df9c219f4f2e62d7a91fb1a577
gamma_0005176,between_mainshocks,0,0,006d4842c5abc903391a954daec7e0dc5e400a2ea9b128ee2bb9985314c279c7
gamma_0004128,between_mainshocks,1,-3,5b13c141de8b6b4f9564f8391b2948012a4cef96e37a39130a1a1d12daaec40c
gamma_0000383,between_mainshocks,1,-2,039e7cc83aa5935b1c8b9ee1a8107046453963e454ee6f7c2e787f9fb3e523af
gamma_0005249,between_mainshocks,1,-1,34673e85df748cf7b8254bbfb123ebc78145280536b007f371af73955435a20f
gamma_0008828,after_M7.1,-3,3,568727e38a858de16f6808bdfd82be5fc2f7ab768f377712904b97a2db265566
gamma_0008107,after_M7.1,-2,0,13b96404e050ef4584c64032bd20b7cae8876e411d8507c0ecb7f44ebe83becc
gamma_0008390,after_M7.1,-2,1,0028c54b766cd5bf535f44d225ead2439f2f46b23aec448179e837892c5fc6c5
gamma_0006311,after_M7.1,-2,2,04106711817cd83b934f35bc0df4450b9a7ca9ac818c5bc7a55dda3a76c2e1e3
gamma_0006131,after_M7.1,-1,-2,14a05a169b965eaa01f2be7de125c1247749b97ae7d8167754c4ef4543682e9f
gamma_0009916,after_M7.1,-1,-1,084595fcb1747d533d86aec94a9136385e7457215f7b354fcb727e435c4a463e
gamma_0008795,after_M7.1,-1,0,00c9433134260cab04b8f5f13df66019b1e06756976beca1376d441c256392a6
gamma_0008912,after_M7.1,-1,1,018a30d3f462186a776bc0e46ac5f1b830918967b82ae4cbd36d87ee8f8c62da
gamma_0008363,after_M7.1,-1,2,117dfb428310fea9ca06c300bc3cb36a9308525ab025c30023deebe71ceeec29
gamma_0008503,after_M7.1,0,-3,0c52d7234d143f439b98e894700d935a36e78f1a1d4d3ef9a2695cafe8ad7594
gamma_0007330,after_M7.1,0,-2,0412f5d04d99a2e2854a13e503a94ad17c3e0467c38694e1572d605dd03ac77c
gamma_0006145,after_M7.1,0,-1,01249761c9ee313bb92b035c8aa9eff1b28b94376a0a7e1b652a4d6dc509cf43
gamma_0006415,after_M7.1,0,0,0445bc3d5c87a71c256337de552cca442950e6c91c7fec524eb1bf67fa1c3436
gamma_0008994,after_M7.1,1,-3,01235e63d3388406eb5a92f25ea7a20cfc44a58bb6d8532537f1afe6a9af0f5b
gamma_0007210,after_M7.1,1,-2,0244f2d3b916d6e7b6b0531e055da69bffb84df9f9fb2d7fac75a1d9f90fce21
gamma_0005851,after_M7.1,1,-1,39cfbae8f8ca7cc04db4e16afff2f590a822b1e72e3ff21f176925020500e0e0
gamma_0009842,after_M7.1,2,-3,395a974e039b566cf89c2bccc047b6203b2d4fa0e23ef87ee7b7b51e7ec8c750
gamma_0009574,after_M7.1,2,2,313f87c2a8a0be10b4feb3cf6b7cf2cffdb8ff0bf22629866685bfc4af2ecf0a
gamma_0000024,before_M6.4,0,-1,27c5c953f01b8d3530300bbbd0d9342e5be96aa8ec1a3f5d08bc9aad469589c0
gamma_0002892,between_mainshocks,-2,-2,5e4431eea3ddd0430d9c69b2b93c798f0d06a7aaee2c22bb1d0179711a8f564a
gamma_0002611,between_mainshocks,-2,1,4efd47459367ea3f5f2f5be55cb10374ea3097143588987c08535960aff254d2
gamma_0003749,between_mainshocks,-1,-3,01930f63d2db9c145145ed31465cbcb5f13949b14568deaff880b67eaefbebdc
gamma_0004562,between_mainshocks,-1,-2,0041b9bc9215bb9a1affd16b13b3d94080419f6db5fbd80b42287e7bbc8d2d71
gamma_0001059,between_mainshocks,-1,-1,0102f19ae753ef8bf84172034e85f14778876dccad7603dbe05d52014a0f195f
gamma_0004490,between_mainshocks,-1,0,01421b1dedb928677e8b8cdc0e6cdbcc8b5c3d4b2af501fa57eff0254afedcbf
gamma_0001607,between_mainshocks,0,-3,5c10c39c6f636af44e6b85d207cbb24449cd00e141cfc967ef8499b40957e8ef
gamma_0001264,between_mainshocks,0,-2,02200b6b9428238c550029b87781d4420124b866aa5dc62217c186f66ddb53a3
gamma_0004652,between_mainshocks,0,-1,009f117a86955b06f18c3d9279912025def8fb9b52ed7273df17d87f047284e5
gamma_0003951,between_mainshocks,0,0,023e895865fee99daff39d4f88b9d019f6348e2187f0c846b4a5a0c4d64281a7
gamma_0005400,between_mainshocks,1,-3,7521b3fa5ff7ba18f64ac03566a799d1816a1c99e77a9f9b81937ded15aa4ecb
gamma_0002708,between_mainshocks,1,-2,31b41b3cebdab0dab3e90f38eb4080663a96690c63429e6e920ed4da573c6fd2
gamma_0004844,between_mainshocks,1,-1,4c5176a37674640343c061d110884a87dca66ba09ffd4f97eed86c63e20ffb76
gamma_0006053,after_M7.1,-3,3,bfb3b2758ff21889acd200a6eadf9ec3fdf84812aa4bc1277963787d42fdb927
gamma_0007932,after_M7.1,-2,0,1402529146117580f0739fe8d078e00d7a54ada275aef85b61c3ba24c8abec50
gamma_0005849,after_M7.1,-2,1,003fd743017f0510a501cace43e8455e048d958e9da3fae078cbb79c806ef1b6
gamma_0007047,after_M7.1,-2,2,04c564b023af8dd73ffcb895366afd578f289b99e873bdeacb7eeec65c0d5b85
gamma_0009613,after_M7.1,-1,-2,329e59cce66a083c09c76aa1a978cbbbda97567255ed9049f388440c58d3fbf2
gamma_0008435,after_M7.1,-1,-1,095392d16ae03db6e1976b8e74f18a60724bc59f1a925ea777bd052d337994e4
gamma_0009343,after_M7.1,-1,0,0103bb0fdcee2954603bf89e4d118e1b7caecd83f2a64681de071c60364b4d68
gamma_0006798,after_M7.1,-1,1,0740289df5974fe202ec371bd1c886f591b251f0b600fd2e2ac5671cf1c93949
gamma_0009923,after_M7.1,-1,2,1a6e023a2e0d39fd8b54e3907fc9c6cb235084a3e443515a173393c23d01e847
gamma_0007212,after_M7.1,0,-3,2cbbb49d3a8bef00b222d9232919faff233c07b2008e0744863712860b11d7d6
gamma_0008426,after_M7.1,0,-2,043590984be291edbce8dec2571a1d0787ce0d3c7957e3b630666cecc9c3a28a
gamma_0008652,after_M7.1,0,-1,0ae186a5fe31e38f3af2f7247e7c71841218af82dfae4c5d1bc8f1a31708f5cb
gamma_0007282,after_M7.1,0,0,1d460d66b7fe8aff6a7ae473d4471dd7871705267cba27566ee4c3f25c7b3ec5
gamma_0005704,after_M7.1,1,-3,053b83ca91e1a619dd3ef39c591c047c646c233b47ecc2444234ab8f9651506a
gamma_0005653,after_M7.1,1,-2,03ee9505050b4a4334e67ee791268fe2c9c18eb879550462c23056eec4cc303d
gamma_0009263,after_M7.1,1,-1,6498ccea3427aa8089d1ad0d65bd884febd5c50c977e652bf3a44b0ba8730f3d
gamma_0008833,after_M7.1,2,-3,8e5d05a40ab96838738830defdc0721d2609a285e5db6b08ecfbadb126c27c3a
gamma_0009643,after_M7.1,2,2,64269027d48d84e75b207e0b2b2c47df2bd0a08eb122a15688839eb952f4bf35
gamma_0000027,before_M6.4,0,-1,2a3f4925a4983e16553ba7f336ced8b165a86efe6c949eef8782052bd07d192e
gamma_0002732,between_mainshocks,-2,-2,673fcea1f764a962b6ec8f32dd46325d22f07335d4c5034a806fc1ed9d751e13
gamma_0000734,between_mainshocks,-2,1,62075510880d56c6284a66735536c6eddfe258d65ada512d85aa74622d434644
gamma_0000943,between_mainshocks,-1,-3,03b5887cede6def5f6f11b5db71d09dd34b5ba91d94e10b2f8cac2626f6965bd
gamma_0004457,between_mainshocks,-1,-2,009ad04dce67d906e481f819eb45242e8fe160bf683c6f1ef766b1c3a30dee20
gamma_0005269,between_mainshocks,-1,-1,01d7ea287dfbf18d832ca9fbc36b8ab08c3397f5d6ec55502506c2c8718e467e
gamma_0004735,between_mainshocks,-1,0,01c54ba64abef1395b2e79a6964f3e4e854064ccb9c6019c308609f36dcc5758
gamma_0001252,between_mainshocks,0,-3,60c0a3baa3c8c6c8b16c1f326b3c9dc1c44fc93655b73f6f7e4bead30d6983c5
gamma_0003846,between_mainshocks,0,-2,025735e9d90c31957f436b16349f242f74810e685389e4b620a7d44abee2b7e1
gamma_0003559,between_mainshocks,0,-1,00ce3159864842f8e12aee2075373a262ab8931ff9da2c2a36b9133f1a973f14
gamma_0003442,between_mainshocks,0,0,03525eb8d0e1364b30e9e55818b87644cf2bbf60f005b79dfbdda0d92b884216
gamma_0002053,between_mainshocks,1,-2,940bda6b04b1908c6cc90335e6a038ddc470e79811b02081f042cad791f6afa7
gamma_0003485,between_mainshocks,1,-1,6cef9c6943dd786d0f1ec65f38364d937e735cf0101cc2cf5ec61f5028c49d9a
gamma_0009612,after_M7.1,-3,3,dd57a4f800d551f39a195f65494d1848ffdb47ebd1d451025c1ac10d8a2fd3ad
gamma_0009419,after_M7.1,-2,0,148d0e970fa936c33c7b87af0c1b443296e2612ea34cc6db1a9ebc3c844551de
gamma_0005839,after_M7.1,-2,1,00723d29b21afee9f3e76ee43cd8b46241dbd05c51eab6fa2bf41b967faacd5d
gamma_0009541,after_M7.1,-2,2,06c0d1eb96d5990f6c2c6f08b19afc2dc731b7920b8d891a8ef9b02fec2139ce
gamma_0006141,after_M7.1,-1,-2,6a76b85f4825adf4bf5856effa1fac323489c3d3bd0b83e76bd67545f3be38a9
gamma_0009593,after_M7.1,-1,-1,0a5cad4eb76d050d27aa6469e4500e14d0d2907014a4ab15a4b8eadaa431c121
gamma_0009218,after_M7.1,-1,0,01f3f9d65430b29c2bec5ddf789e8507fee5876853eb3392a38000943e663267
gamma_0007003,after_M7.1,-1,1,0753325581016977f2310a0f6715f8d05ef0d5e0724466fc785830c649f91f94
gamma_0007852,after_M7.1,-1,2,3dcdd14656cb8f96e7902cdf436326a7011c86ad3613cfda1e3cd1d54066bd11
gamma_0008656,after_M7.1,0,-3,3ca13e487ea73cbc321e8fbfa496c354be9d42f92fac5ca7e38fa322363025f6
gamma_0005539,after_M7.1,0,-2,0626965e6f96a8c360b2c61e733c4cdbfd369df50139bdd4452648249c85c3c7
gamma_0008452,after_M7.1,0,-1,0bc84b8fa56a6899bfa14e268eeb93ed0d1ff373ceae202b6f860c75b205fd00
gamma_0006863,after_M7.1,0,0,20642449fc2b1505ddd0ccee6fdeb6d4ec7b81578899611de6adc79bc66baf96
gamma_0006005,after_M7.1,1,-3,079cf2cfd416d8853b25885539cb37b9d7ba5a2da97763587db0aa168f02713b
gamma_0009080,after_M7.1,1,-2,072606204f2a4c2654d2160a27e20c56d9be2ddaebf49b336d48102ffbb2bd26
gamma_0007968,after_M7.1,1,-1,6e4507c6c380cc30cbe057e985958b102ab0a5c56f6d093b07f9c21687f0ff0c
gamma_0009630,after_M7.1,2,-3,ca07cb7624e49a4092fe3e7b7966a16c8c76a48b5f1398ca1366fbb6e9a1ea32
gamma_0009341,after_M7.1,2,2,cf903b342ebd885076e238002d3cc0ed864b6bd7d873fcfb2ae81c80be784583
gamma_0000026,before_M6.4,0,-1,3d7776bae1f49d13e1999618663076faa1906b5315b91ae1cc6173a013ffc81c
gamma_0000963,between_mainshocks,-2,1,796c581c9f1e37b82bfe6695ee318f3f02e7b7de3fbb184ebe89b3e150e6e36d
gamma_0001709,between_mainshocks,-1,-3,04396acbd64aaabce76582730831f5de5311ec75fceec446917e3049df0fc7c8
gamma_0003419,between_mainshocks,-1,-2,0128536873eac94ab1309ec8be0d872c322714507b2ed3080e91f363573a91de
gamma_0004970,between_mainshocks,-1,-1,03382c61ff5455605c7bc4c93a34550ecba2a77d95a81f93a42eb5521fed73e4
gamma_0003726,between_mainshocks,-1,0,01d4906f8290d513751dfd2e4d6bf58b7174af6ccfdf2971d6e0d5b2f93a9aa7
gamma_0003905,between_mainshocks,0,-3,81d2f7f88b469454dbbaac9a5068bf62264506adfb0182c44de0f097fbe60544
gamma_0000724,between_mainshocks,0,-2,0318d251d119dc201b1f26e96c679c1319c8f4346b593ce37c9dd9edfe6576bb
gamma_0004838,between_mainshocks,0,-1,00ec1d8ae5fe85584248be735f8308b88723e79f838b07d9190c538a4137dbad
gamma_0002222,between_mainshocks,0,0,03d9f822f74197fa43340a217d5e3a848dbaa1ea0e5e4f64083de07ce78e85f0
gamma_0003724,between_mainshocks,1,-2,ece49f1ff6b3eb7fa9f0c6631a6836e0a5a70af8d592ecb8c3cd8027ab282c53
gamma_0004841,between_mainshocks,1,-1,707bd38fc024f598e5ea912a457df76478b6b86b29dc58c035b9887082b54d87
gamma_0008598,after_M7.1,-3,3,e9dac208c6ac00d6b284dccce10d75f044bfae52b1762a1d0e16e4f2ee9d0d29
gamma_0008962,after_M7.1,-2,0,30e9b63dc39fc77bc1aeb6c6ea1eccb990f50d8757510f33bb146f0b20b3b89b
gamma_0006155,after_M7.1,-2,1,00d444c0b6515b3d0b1a8094929782584190c7c1dc78ff9b8c4d6ccdc3505aa5
gamma_0008756,after_M7.1,-2,2,0cacc502cb4e02f74f359318ea13b196418ff54d467c8e3c5246e5690dcc7c02
gamma_0007334,after_M7.1,-1,-2,748e2895d81bc94e646e785782f06355ec7cae71b47aa0e77d1cb027024155cf
gamma_0007520,after_M7.1,-1,-1,0ab5ab661f6daecb6d3e30d6bc05dbec33a3c2d2588233c2dae5062ec18e0503
gamma_0009100,after_M7.1,-1,0,041b4066a8f4642004b839ece0223bfe74ca1d6d29244ab3df75b22daa14e7ff
gamma_0008356,after_M7.1,-1,1,08a1ecfeac240d5d7d10b6f348e2f0ee5c4b8a10bdced6b543f186bf2ec86845
gamma_0009499,after_M7.1,-1,2,48801d008fad39fb326e77d7773215e2065fd6d86b29ebdeb490814df9197165
gamma_0009894,after_M7.1,0,-3,3f3866b5932998100c50509b511053981454ca8a7ce9473c144af43e05aaa1cf
gamma_0009182,after_M7.1,0,-2,06e56975632342c1c790ab61c1804cebeeec8d5b10446799b1218352930281fc
gamma_0006430,after_M7.1,0,-1,0dc7785e54c08bb660367973e4a4bf715ebd632a865ff8e607ef67dc0af6a305
gamma_0009596,after_M7.1,0,0,270e2310469e5971cdd8d92ef05100f15f6089f45e73d32de1a160ab4a93fba3
gamma_0005525,after_M7.1,1,-3,09f6d649c33575b614939da41f3cd8dba64249a9492a377fc91593d99ad2bca7
gamma_0009238,after_M7.1,1,-2,079d900ad6f903858a951a92e5d8764d99986ed39e438cd42d3597c94308abf9
gamma_0009694,after_M7.1,1,-1,72daa17e92a62fdcf2ebd43d8190e392a37bc4094f4d9e4f2c91c1facd1484dc
gamma_0008980,after_M7.1,2,-3,ce9507b81021bdc0fb49db1b433429ae9229c9bf8d5af44ddb8dfbafa04fc3ed
gamma_0000045,before_M6.4,0,-1,55baa0f61fa3493f8a6e303b880b4e759f050284412778b5494e5f7effbcc63c
gamma_0002855,between_mainshocks,-2,1,79c31ea143523bb4b582065426aa655040d39e31931afb2b68f88087b644393c
gamma_0003777,between_mainshocks,-1,-3,05260af28981b1793b63757cd764fdfc5efcd750e15f7d8e6ecd202668b36f98
gamma_0001261,between_mainshocks,-1,-2,01c179168ccbdd0be7e7b655dddb8996a9086dab6e53c2802810563a9fc8ea3f
gamma_0004229,between_mainshocks,-1,-1,04244293564d7bb484e823d2d76ba168c1c4bedd7261abf2ef195346e88a9dee
gamma_0004855,between_mainshocks,-1,0,01e01f8595816cc75bfe42a39de8eb327f031ac5a877a52d178bfb1bb9611b6c
gamma_0002107,between_mainshocks,0,-3,8204cca7e75f08c5a24585fea38761a82080d1c25a03764fa4c9f728951be450
gamma_0002625,between_mainshocks,0,-2,04582422cd35e9e17ef326e07f45cab7c2e46769fe0c8a15e5010af90ef67dd1
gamma_0001495,between_mainshocks,0,-1,0132dab32e1e9dff622b8650d8ccfd70588e39af9060ffd49edeb5b56d274073
gamma_0004864,between_mainshocks,0,0,0519a79cf91ff4e7b32d547405561c09af2d64f7a39a38c3f9520daed41dcb38
gamma_0009874,after_M7.1,-3,3,ec56a909fc07273a379bb669be24035c714468958c0d4797ac16dd4853f7fb9e
gamma_0007408,after_M7.1,-2,0,39633bb90445c6d7583ddac030d098deb00423fbc2e1d60a90f547e3f42c36bd
gamma_0007097,after_M7.1,-2,1,00edff6f28763610c0a834b5b62002f362010029445521cbe8c68bfe2d279518
gamma_0007893,after_M7.1,-2,2,0cfd5bff51c7a5e60485e0072c81ee2969b21ca7873fc3ee079ec77e5efe237a
gamma_0009132,after_M7.1,-1,-2,7d5f74b741db5426f98bb687986673ff19041aa5db5f44d6fdd23d0ff6836f67
gamma_0006598,after_M7.1,-1,-1,0ac7bafce99b3ed767e7f4eeb50174db631a06f839b2d5360253ba6c8a06acd2
gamma_0007838,after_M7.1,-1,0,042bb082bd91935251568adea47aa9de8fd7e837e798a954a049988d5791ac12
gamma_0007208,after_M7.1,-1,1,0a7c3baf380c371f3bf213708b2a9a1df73149839084f0c562431b26792d7e0e
gamma_0009482,after_M7.1,-1,2,4e5047e1a08eecbcf303ef33a315989e349e8f5944d0f95622c51ba0708db19d
gamma_0005656,after_M7.1,0,-3,3f9a40b6afb75472939d88bcb5d67c4037ad24ff705ed319e8d8325d5a6ab28c
gamma_0008524,after_M7.1,0,-2,09fb4cccb9b1ab2aa9e982d9bfb7cdcc4017ad697a4546a96caace22f753b889
gamma_0006623,after_M7.1,0,-1,0f1e8f10007d5ef2924ab5c27014985922a23bd059190c839a2505d64fa1f367
gamma_0008166,after_M7.1,0,0,2847085f603f433c352d9cb154e28e45cd51fba6b89155cf57a97de72593b2a5
gamma_0007083,after_M7.1,1,-3,0b980c9b865aba23657bcd83bab867e29e2edb67bdc21e0f23750e46894950e3
gamma_0006479,after_M7.1,1,-2,089c23fd589c53c51279b69d5c7da8ac58ab1a77763cb96c1df432f666154747
gamma_0009176,after_M7.1,1,-1,76fecf871305fd57243d2a45fdc4bd8d9639efc4297ac56acf64afbfe4053208
gamma_0008949,after_M7.1,2,-3,d1026be3846e8e289da704db3f159d3271f70a89170f7509e5b0dea6ac2f4405
gamma_0000042,before_M6.4,0,-1,8193e8d4610d46c50bd656a48dfb64fb57f7b1153d4c111f58b8acde71722c62
gamma_0004168,between_mainshocks,-2,1,abc73d0dc70879c2f68e5efb496ad65cb9f17ca4f40b0e5bb9839d9036311cd9
gamma_0001486,between_mainshocks,-1,-3,0770280a0b94013d31aaf71c93708ec0edd8ea5088871fc0a982c95945e50045
gamma_0000825,between_mainshocks,-1,-2,01d6262c754932e49d6a5bac460262171c61ec700fbbbacc6584b400c7a45e32
gamma_0001187,between_mainshocks,-1,-1,05326addb6472e49ec0c6cdf09e855e8aaada4935e2eaf2236b146905a7cee6c
gamma_0001595,between_mainshocks,-1,0,02ddeb8de3e76f45dab2afb3cf9ebb0c25e89965327b2eb281aade4bc9b6c046
gamma_0002096,between_mainshocks,0,-3,c903769d9b6c9705b161fc968b0bd2cea5064ee91412e8eee73148b028a14d1c
gamma_0005471,between_mainshocks,0,-2,046698a954ef169bc642a68705fcd13f5ae400f5b533492b4ece1519af6999f8
gamma_0001723,between_mainshocks,0,-1,0178633588bd2073720ff3dbb4370371c74ec2a134c92201599e3cfd98e82120
gamma_0005018,between_mainshocks,0,0,06662a153b474bf2356f2966b60a8bd4b2bd75e34a54a4cfbec86e03b2fbaf56
gamma_0008649,after_M7.1,-2,0,5b86d1cea3a20960aeff0759ddd70082cb729d8680a5c93fbb55c86c5984d5fe
gamma_0005971,after_M7.1,-2,1,00f073e7d741393fbf7e6abfcd9c0201249a7edfc15708314faac638813c54d3
gamma_0009770,after_M7.1,-2,2,0d560a99c9ff49fd02dd90ab33852843c1145668291213b8cd331a3ab75c7884
gamma_0007469,after_M7.1,-1,-2,811236ab995e6ba600a71340c4a2136d105c2a66596f25eb799767ee22b51e9d
gamma_0008273,after_M7.1,-1,-1,0e02179b7dccc365c084faa47b2262e347b6547fd71705a21e40d3cd3fa4584a
gamma_0007928,after_M7.1,-1,0,0453fd66b4df2c714055c6891900f78ff3ac9b32efaf76d94b39e85472fa537c
gamma_0006093,after_M7.1,-1,1,0c603fb1415eb01c257ac99052f02c2b970cc79f345fb41cf2e7ae5d6677d172
gamma_0008025,after_M7.1,-1,2,6f31454b9148ef8d209732a0eea228640225579c2404500c03f7bbacca77eafa
gamma_0006185,after_M7.1,0,-3,53f4dd632b9e9086a050145b5f0eb75c96aa8aad12f2a7f91c1c1e440869a2af
gamma_0006201,after_M7.1,0,-2,0a0a0a8084012cb3a5a3997f70322ebaa3d3dff4021383182c8b7b70ec437c17
gamma_0007570,after_M7.1,0,-1,11039c7b7121379621593f135c4b57832eeb78816e78afd59df571a4cd917533
gamma_0007429,after_M7.1,0,0,4d5a634ec23f1922ba2045abcfbc82bca3d68611f1bfea766a5f09a51cb97159
gamma_0007067,after_M7.1,1,-3,0eef63348760ed8786440d728f82d377902b5b1f5365fddb0fbeb4b9cfa23e05
gamma_0007531,after_M7.1,1,-2,08c900641aa8fcfa01a7c6259ebbe788f9a88616376b166dd28f5cc508fb4464
gamma_0006273,after_M7.1,1,-1,926200509009b297a99cbe3e3c3ba88e94cc11f6f884e71f77488792bc970918
gamma_0009066,after_M7.1,2,-3,ee0eb9821cc002906980ba37ee43e8067f3501a10de181bec96960d8654b4654
gamma_0000036,before_M6.4,0,-1,8500f7e76e21ef8d9d479549cec9039ddde6617e99482fdfd46abae7808c43ec
gamma_0000898,between_mainshocks,-2,1,be28e2c2fb7278ba33e6ce6ae8ce28ef16a2154f1b92d34fe58a169bfec72276
gamma_0001131,between_mainshocks,-1,-3,093fd35feeacc43720e3d1817dab5a404ee2a57fa8299c24988f332767fd8ded
gamma_0002654,between_mainshocks,-1,-2,024903da70588993477e0cbf2d72dafc0897b962fbb06e9c5f29888f165b63f7
gamma_0000866,between_mainshocks,-1,-1,062c2c186acb3306c4843a3a19ea2b6eb78b92e73306e85d3b64c06262206aa5
gamma_0003997,between_mainshocks,-1,0,03c222d9f4e49393ce2ea787db2d189f3c512b42c3381a00785e23724f29ea4c
gamma_0002711,between_mainshocks,0,-2,05ca4e79afd30fa44785ee6aa7665af8817cc6ca45963627ad90ee771f42aaf9
gamma_0000627,between_mainshocks,0,-1,017e05fb3cb6e66d7f4173403f2fe8ca2cdabd5d1598f0b401811c99920ae3f3
gamma_0004159,between_mainshocks,0,0,0a5f82ee2b0be63ac35e5a373f51e3e2a0b85bff0b8a0b392d0334ee83fdff02
gamma_0007417,after_M7.1,-2,0,5fc618ce0f86e5af9f76648b59fef6a86db6daf95f8c980400020d40ca0530d2
gamma_0006712,after_M7.1,-2,1,01b0f6b574bcd127a952c32e82f3c2983ed8baef2f36c3995442cf3725dc38f0
gamma_0008998,after_M7.1,-2,2,1050bce9ca53643ed60d861051f2a9c9636ee784a478629f4c3bf68326ed5a82
gamma_0007386,after_M7.1,-1,-2,8fe2833a9c5aafd12f6f1bf59eaaba2d743babd2be2d6d8f8fa4270ffd952c55
gamma_0009446,after_M7.1,-1,-1,10fff315ae2eb35bda00c810ea9c44214bef5719af00010c70ab09e2ad8b14ab
gamma_0009098,after_M7.1,-1,0,052432ce32936bdebf7258b6b0a4e5a6b38e263e265783b30e33a727450927a3
gamma_0007150,after_M7.1,-1,1,0ff4074f5f4f7797a5920368a20f2d116cc3dde6df511939bbd1b721fd90f4a6
gamma_0007851,after_M7.1,-1,2,7766f722ec7b0a4131ed511276fbf2cfbffd254bcb105829aba993c4ea8687f8
gamma_0007913,after_M7.1,0,-3,5ae1095ffcd375ba7bd759f98d27bb91014545f51b8d83b9714d228ce71ce2c6
gamma_0009232,after_M7.1,0,-2,0a38bc49c50b82ecac2192eabe09aa2930f9a1fa21f0e2a36b1ed390198603a6
gamma_0009577,after_M7.1,0,-1,1109d8ecd26ccd424f60c55023920d9a6aea65ae05ef34e5aa7d823f489ef862
gamma_0007447,after_M7.1,0,0,5bbfbd1d1ed2cf09015df1731fdf7a32878439ffbbd41f449d7e0e242194fa94
gamma_0009724,after_M7.1,1,-3,109619fd89b7891b692ba89bd61cc8b84f0682060e6900284dad1b6e2e0598a8
gamma_0009013,after_M7.1,1,-2,0c8802ea003d88a9dfbf274e68d37433ed479e53324bb84844938c04297cdc71
gamma_0008241,after_M7.1,1,-1,a564c17bade9a777660c31d6785dd3237f7998447ed2012783b819ffbad0a5eb
gamma_0008947,after_M7.1,2,-3,fb9174a16edac850955979c8eabb68501fd925de2825cd3747f1467ba3f4b405
gamma_0000019,before_M6.4,0,-1,c5ff78ef741a665d1d7cd07d581262431ee64bd3157c678f92aba1aea4f5f293
gamma_0001074,between_mainshocks,-2,1,c6425ad5352e7eaba5526f2f856753b91f1d4d60752181b09cfaa25c2b7307d5
gamma_0004685,between_mainshocks,-1,-3,0a36b6a2053947b683857e19a5285193125401a23a6e01113bb6001b6d14575b
gamma_0005177,between_mainshocks,-1,-2,02a17d48e57e0152f286bac6699df7b28d548aab4ca21ad6f64a2894c8fcbbc2
gamma_0001825,between_mainshocks,-1,-1,0654e3737a7fab03174a459ed3b1d45c54851f215736aa027a0efaf3083ab599
gamma_0003784,between_mainshocks,-1,0,03dedfa94c362a8b7f7b6234475a4a751a949f27470fc6d4e15681513ad30334
gamma_0003407,between_mainshocks,0,-2,08a0195e51b88015c15bb656fc34ae2417d3b3f6f770e2464616ad998f2efab4
gamma_0000399,between_mainshocks,0,-1,0180b547eab5ef1d64544f50ea4764d1d0985d71d94b34220850e6654737b8da
gamma_0002635,between_mainshocks,0,0,0c5f8e6672c883d7357e7d780d33522cc7af893121432efa55ce078b7d16f486
gamma_0009305,after_M7.1,-2,0,62004fb7493ace4c4895c431cf892585600be8fb044a7526f7ef70053d1a6451
gamma_0007399,after_M7.1,-2,1,01dea62dcf09906194f51e4cd628fd8029c1fb3e8ff73ef175fa8dc700647560
gamma_0007076,after_M7.1,-2,2,10dac6f00022f440dfee6c0aafdf1b1b8796855e1a75d00c6ee53a872c2a6c6a
gamma_0008659,after_M7.1,-1,-2,9d291080208a1145efff0589d604b396ca88cab55de8e60619ba34e29cba1391
gamma_0008086,after_M7.1,-1,-1,140bc2f24e20017023edecd9d8d74a5cfb4f5b3986b6f7c8a7289d927504a628
gamma_0005863,after_M7.1,-1,0,0616262fac697e1430f760605c78fb470998964a817583c53e4a8dfe26aba3a3
gamma_0009901,after_M7.1,-1,1,139ab7677c09e98916a4738701eddeaaf7a472de698b94997848f33d83f79990
gamma_0007374,after_M7.1,-1,2,af0e97f5465cb9ae98919af265c47204d05e30dd74e4e9411154c2f2a745c4e1
gamma_0007409,after_M7.1,0,-3,7e48af2460c12ce7ce1920d5a1a4b6fe4aaf9ac49243a63ef31178e93b29b318
gamma_0008558,after_M7.1,0,-2,0ee2a88e6d28fe6bea75d7fab5b04ee72e17152fea31ebbe31b590cccf0bc420
gamma_0007481,after_M7.1,0,-1,1279c069e93b0e78ddf70c94e0d7b1bc9eedc1840d516df39dcba283607f27fc
gamma_0008306,after_M7.1,0,0,665b17d0d18aa8ce7d1bb2098233d72ca55d71b873ae8084e6972e64dcb05092
gamma_0008996,after_M7.1,1,-3,12896aa923115b2a8f9d0d65fd5a12955864001a397f82044c05cb6be48e3052
gamma_0009489,after_M7.1,1,-2,0da97024af152721654eeebff0e574751f98ee7931076f51b7efa267212edd28
gamma_0008411,after_M7.1,1,-1,d550f3d224269a33355ced6761b1f699ab5ba608eddb45a2f3d2f51ded108dfc
gamma_0000033,before_M6.4,0,-1,d4f6011ad051d0e33f24ca1b5049c1301a39cbaede2390e470eeba1a9ec8dd89
gamma_0002817,between_mainshocks,-1,-3,0b0f4360b121082282608202b7fad3937d6c763b189f4ca308019f7be1a6a057
gamma_0003965,between_mainshocks,-1,-2,0340e38252b81c82b8e8900e6f2926111545e276b5e8aaaca5e25655eeb985bf
gamma_0002853,between_mainshocks,-1,-1,069e4f41ff1d1670e7927c1c5778fdeb29854d1212839795e9cbf0025bdfabf7
gamma_0003344,between_mainshocks,-1,0,040519f82320b4ad20b4fd21a43579501323b11fbfff09d6469e289feea004d4
gamma_0002661,between_mainshocks,0,-2,0a37a8439351ad7a4e8fa7c078fafa0b6cfe0c06549c6fd1fb27db30a4a7500f
gamma_0002679,between_mainshocks,0,-1,01858bb3e008d31a65a22ee8ae9c35bf844af19dc2716919f04a2c2a4fcee6d8
gamma_0003555,between_mainshocks,0,0,0ec99468f71034b9949e1e6730fe798589f066cde78dd89dc63783cce2ea6d26
gamma_0008027,after_M7.1,-2,0,64ab7e69e96ea4664ff0475d7674b0857e56038e29f6fd8a6664f264f32684b2
gamma_0006235,after_M7.1,-2,1,021eb3f37c0cdac90c4a6ffa7f3704f50e641fe13fe7c8ea733fb8d9b634d2ad
gamma_0009078,after_M7.1,-2,2,11e4771edc72e5ee1afad64b6e6a8b823aa9b4045d537f40bfc61c4b5bbbb9a7
gamma_0005679,after_M7.1,-1,-2,9d49c7839bb2aa014e53bef28a6a17cc62eb503199173cc13738d2996a8d39ae
gamma_0007653,after_M7.1,-1,-1,1618378d402463983ec39cfe33522f0a048b9cca093dd76c2283d7dbe75fbbfa
gamma_0009847,after_M7.1,-1,0,067141b40895def4d1b900e6c67c86c59123d0ff937b91a25ed2045fa0794186
gamma_0009071,after_M7.1,-1,1,1648e13e5295e8e0d743b3012c9de76c29fe161bf25fb7b7c4a0220cd626ebc5
gamma_0006459,after_M7.1,-1,2,b0d23be6a74d0994794bbb658dbedcf1a80b59d9f334822855d6dc351959cd85
gamma_0008369,after_M7.1,0,-3,87a8ea3bfc9c5556e1059f95d3ad8e78e36c462eb5ce47666ec656d369720724
gamma_0006434,after_M7.1,0,-2,12a2aa5599c891021efbba141f0ae6e33edd6a86880f4dec479cb7dff447843d
gamma_0006594,after_M7.1,0,-1,127f6cf0cd92321c2af37bd5c08fbceb38e8705eb54b651a5bd7b4f8629261fb
gamma_0005774,after_M7.1,0,0,77b5d32315283eb20b498a6d506bc0e8b4aab180d2756db786ba82a70e9d33bd
gamma_0009267,after_M7.1,1,-3,14fdc68846bbbb5cf6ee1431e2753ecc9c3de929e068bf8f865aafe6ecab9b35
gamma_0007513,after_M7.1,1,-2,0ed11ef1b818c86d880ef5297c701cf02aa164f70d4d75b79dc1aa7d69194ca1
gamma_0005832,after_M7.1,1,-1,f5ba5c6f44218862132f6786a67cf3d1734492f5ae378a57f17b3a035dbcd1d7
gamma_0000030,before_M6.4,0,-1,db9369a354c308920a6f17f7b13f6a515e644d91732e4188044bcf9774b943eb
gamma_0002809,between_mainshocks,-1,-3,0e5528116bd808fbd713f44b05811c160ede471aaa18398f7a1250b2421db54e
gamma_0004693,between_mainshocks,-1,-2,036269cd7758a8791db0fbee278bbc2d034008bfa7b4864b9524ae4dbb33cc10
gamma_0003072,between_mainshocks,-1,-1,0805a66ac161fee21cda4d77149db9bd7cff8b55c047b640061e745ecba2fecd
gamma_0003265,between_mainshocks,-1,0,0493ab1162c2ce729b201b88a951477241ad2d7639b4add8f3f63fc4f1c2282d
gamma_0004767,between_mainshocks,0,-2,0b7422addbb9ab77947bcbe220ae7ea317b02df7056d90d509cee0d3f60bb55d
gamma_0004299,between_mainshocks,0,-1,0190ca1627ad3679463c9f617519bab724aff04977754875ef4b75f3bbeba196
gamma_0002082,between_mainshocks,0,0,0ed2078e8a31886ce3b2af4c8d7e327400e25738308f3e1ef32163c17bb9d719
gamma_0006622,after_M7.1,-2,0,64c88e17d9f467cb808a6f7371e03c572e6ea04848672239c5616e31abb814eb
gamma_0005488,after_M7.1,-2,1,02292563752601995db8a302c7b5918c162379ecb8585c4d1ee83bfa65295bae
gamma_0008150,after_M7.1,-2,2,127783dabcc8ebf62d981e31f7b631f9679a56ca6fb29566fed83964d08d3075
gamma_0009178,after_M7.1,-1,-2,b1b5d0d9ee7c1ce4af9470eb2fade387863e095de25ad7e0e61ce589da4b657f
gamma_0006845,after_M7.1,-1,-1,16435aefd599a282dbe304669e7faf43e3263b56fac9c35310b4e533af529074
gamma_0007859,after_M7.1,-1,0,06ed2c2bcc4958a586c51f5d1543ea5fede2def6359e1592b19f1847f186df82
gamma_0007087,after_M7.1,-1,1,164abcba4ec5153e262b7cbe3e4855f97ef146eec3eeec09882f0ea089fc7aba
gamma_0006526,after_M7.1,-1,2,d18a8c0d5db525f945828dc1753435076060a11ee294f4e8eb7e23fe8a34caad
gamma_0008438,after_M7.1,0,-3,9986d6979facd564700ef0671a76ca7426b40ef9b6cc54307b1207287f87cf62
gamma_0008831,after_M7.1,0,-2,1363d960658b18243fb10571802feeb61f623de0f8eaffcff76eabbf365ef1cf
gamma_0007860,after_M7.1,0,-1,12c5709ef6c200fe9492f9a5e2cfb0a6595ace5b5af7f2ba4f57a794889b35d0
gamma_0006198,after_M7.1,0,0,83d90b38c69f59bc039aebff78284a1e83b5012f31cca7d500e56642d74cd537
gamma_0009367,after_M7.1,1,-3,1b43e4df07cbd990e8205893ef39393da050bb98bf8e095ade9de0deaec71514
gamma_0009136,after_M7.1,1,-2,0fff9234d6faa7cd5f9ba383fd09dae3f00819b6969f244f4f5f8b1702dce72f
gamma_0008632,after_M7.1,1,-1,f6941e364283adaa72e0fb706c682e3f77ff2f0d32523fd5d3852e846d2c6594
gamma_0000031,before_M6.4,0,-1,e9453fbd868d5b8e40155a97a47f9bc4430e1db546dcd3c1891d7b93b12aee7f
gamma_0003592,between_mainshocks,-1,-3,0e8a37b515f8ea9a9f3f5e3d98730d29af231a6d27fd1000cc9aa0c3bd81e546
gamma_0002639,between_mainshocks,-1,-2,043db5bba2030c0b5fd4efd3b6280757d28650404fa1b5e2430ed5543963e5a8
gamma_0003814,between_mainshocks,-1,-1,095c235f631e03410e2534112835882ba1deeb3be58ec8d4b3f4e3583245a239
gamma_0002720,between_mainshocks,-1,0,04b496e09d8b24a7f737e08b905a488b7edbcffe9480fe5e70be65061672e95c
gamma_0003861,between_mainshocks,0,-2,0e7b80549bd46670403704bf1da4b19b220267d1c82c245c5a7cce3a230ccfbb
gamma_0001712,between_mainshocks,0,-1,01b85cb6666c3e8d4e56dc35cd75c8d1e7ee0681a33c20c8ed0be3121b55255f
gamma_0000487,between_mainshocks,0,0,1078fc46c75553b4e2f631e34b6de620679acec5073ed48fc9b7546c06235c2e
gamma_0006110,after_M7.1,-2,0,74671ff49ab4471b298ec3e0df8d113d30699fb689691dda33a438be307ee239
